time,source,sink
0,23.6,23.5
1,23.7,23.4
2,23.7,23.5
3,23.7,23.5
4,23.9,23.5
5,24,23.5
6,24,23.5
7,24.2,23.5
8,24.4,23.5
9,24.4,23.5
10,24.7,23.5
11,24.8,23.6
12,24.9,23.6
13,25.1,23.6
14,25.3,23.6
15,25.5,23.5
16,25.7,23.6
17,25.9,23.6
18,25.9,23.6
19,26.3,23.6
20,26.4,23.6
21,26.5,23.7
22,26.7,23.7
23,27,23.6
24,27.1,23.6
25,27.3,23.6
26,27.5,23.6
27,27.8,23.7
28,28,23.6
29,28.2,23.6
30,28.3,23.6
31,28.4,23.6
32,28.8,23.6
33,29,23.6
34,29.1,23.6
35,29.4,23.7
36,29.6,23.7
37,29.7,23.6
38,29.9,23.6
39,30.2,23.6
40,30.3,23.6
41,30.5,23.7
42,30.8,23.6
43,30.9,23.7
44,31.2,23.7
45,31.5,23.6
46,31.6,23.7
47,31.8,23.7
48,32.1,23.6
49,32.3,23.6
50,32.4,23.6
51,32.7,23.7
52,32.9,23.6
53,33,23.7
54,33.2,23.7
55,33.4,23.6
56,33.6,23.7
57,33.7,23.7
58,34.1,23.7
59,34.2,23.7
60,34.4,23.7
61,34.7,23.7
62,34.8,23.7
63,34.9,23.7
64,35.2,23.7
65,35.4,23.7
66,35.5,23.7
67,35.8,23.7
68,36,23.7
69,36.1,23.8
70,36.3,23.7
71,36.6,23.8
72,36.7,23.7
73,36.8,23.8
74,37.1,23.8
75,37.2,23.8
76,37.4,23.7
77,37.7,23.7
78,37.8,23.7
79,38,23.7
80,38.3,23.8
81,38.4,23.7
82,38.5,23.8
83,38.6,23.8
84,38.9,23.7
85,39,23.7
86,39.1,23.7
87,39.5,23.8
88,39.7,23.8
89,39.9,23.8
90,40.2,23.8
91,40.4,23.8
92,40.5,23.8
93,40.7,23.8
94,41,23.8
95,41.1,23.9
96,41.3,23.9
97,41.6,23.9
98,41.7,23.9
99,41.8,23.9
100,42.1,23.8
101,42.2,23.9
102,42.4,23.9
103,42.5,24
104,42.8,23.9
105,43,24
106,43.2,24
107,43.4,24
108,43.5,24
109,43.6,24
110,43.9,24
111,44,24
112,44.2,24
113,44.3,24.1
114,44.5,24
115,44.7,24
116,44.8,24
117,45.1,24.1
118,45.3,24
119,45.3,24
120,45.6,24
121,45.6,24.1
122,45.8,24
123,46,24
124,46.1,24.1
125,46.2,24.1
126,46.4,24.1
127,46.7,24.1
128,46.8,24.1
129,46.9,24.1
130,47.1,24.1
131,47.3,24.1
132,47.4,24.1
133,47.6,24
134,47.8,24.1
135,48,24.1
136,48.1,24.1
137,48.4,24.1
138,48.6,24.1
139,48.7,24.1
140,48.9,24.1
141,49,24.1
142,49.2,24.1
143,49.4,24.2
144,49.5,24.2
145,49.6,24.2
146,49.8,24.1
147,50,24.2
148,50.1,24.2
149,50.2,24.2
150,50.5,24.2
151,50.6,24.2
152,50.7,24.2
153,51,24.2
154,51.2,24.2
155,51.3,24.2
156,51.5,24.3
157,51.6,24.3
158,51.8,24.3
159,52.1,24.2
160,52.2,24.2
161,52.3,24.3
162,52.3,24.3
163,52.4,24.3
164,52.6,24.3
165,52.8,24.3
166,53,24.4
167,53.1,24.4
168,53.2,24.4
169,53.5,24.4
170,53.6,24.4
171,53.7,24.5
172,54,24.4
173,54.1,24.4
174,54.2,24.4
175,54.4,24.4
176,54.4,24.5
177,54.5,24.5
178,54.8,24.4
179,54.9,24.4
180,55,24.4
181,55,24.4
182,55.3,24.5
183,55.4,24.5
184,55.5,24.5
185,55.8,24.6
186,55.9,24.5
187,56,24.5
188,56.2,24.5
189,56.3,24.5
190,56.5,24.6
191,56.7,24.5
192,56.8,24.6
193,57,24.6
194,57.2,24.6
195,57.2,24.6
196,57.3,24.6
197,57.4,24.7
198,57.8,24.6
199,57.9,24.7
200,58,24.7
201,58.3,24.7
202,58.4,24.7
203,58.5,24.7
204,58.6,24.7
205,58.8,24.8
206,58.8,24.7
207,59,24.7
208,59,24.8
209,59.1,24.7
210,59.3,24.7
211,59.3,24.7
212,59.5,24.7
213,59.6,24.7
214,59.9,24.8
215,60.1,24.8
216,60.2,24.8
217,60.5,24.8
218,60.7,24.8
219,60.9,24.8
220,61.1,24.8
221,61.2,24.9
222,61.2,24.8
223,61.3,24.8
224,61.4,24.9
225,61.4,24.8
226,61.5,24.8
227,61.9,24.9
228,62,24.8
229,62.1,24.8
230,62.4,24.8
231,62.4,24.9
232,62.4,25
233,62.5,24.9
234,62.6,25
235,62.7,25
236,62.9,25
237,63.2,25
238,63.3,25
239,63.6,25
240,63.7,25
241,64,25
242,63.9,25
243,63.7,25
244,64,25
245,64,25.1
246,64.1,25.1
247,64.5,25.1
248,64.5,25.1
249,64.6,25.1
250,64.8,25.1
251,64.9,25.2
252,64.9,25.2
253,64.9,25.1
254,65,25.2
255,65.1,25.2
256,65.2,25.2
257,65.3,25.2
258,65.3,25.2
259,65.4,25.2
260,65.5,25.2
261,65.8,25.2
262,65.9,25.2
263,65.9,25.2
264,66.1,25.2
265,66.2,25.2
266,66.2,25.2
267,66.2,25.1
268,66.4,25.1
269,66.6,25.2
270,66.6,25.2
271,66.8,25.2
272,67.2,25.3
273,67.3,25.3
274,67.4,25.3
275,67.7,25.4
276,67.8,25.4
277,67.7,25.4
278,67.9,25.4
279,68,25.4
280,68.1,25.3
281,68.2,25.4
282,68.3,25.4
283,68.3,25.4
284,68.5,25.5
285,68.5,25.4
286,68.6,25.4
287,68.8,25.4
288,68.9,25.4
289,69.1,25.4
290,69.2,25.4
291,69.2,25.4
292,69.4,25.5
293,69.5,25.5
294,69.5,25.5
295,69.6,25.5
296,69.7,25.6
297,69.6,25.7
298,69.7,25.6
299,69.9,25.7
300,69.8,25.7
301,69.9,25.6
302,70.1,25.7
303,70.2,25.7
304,70.3,25.8
305,70.4,25.7
306,70.6,25.7
307,70.8,25.7
308,70.9,25.7
309,71.1,25.8
310,71,25.9
311,71.1,25.8
312,71.3,25.8
313,71.5,25.8
314,71.6,25.8
315,71.8,25.8
316,72,25.9
317,72.1,25.9
318,72.2,25.9
319,72.3,25.9
320,72.4,26
321,72.5,26
322,72.7,26
323,72.5,25.9
324,72.5,26
325,72.6,26
326,72.8,25.9
327,72.9,26
328,73,26
329,73,26.1
330,73.2,26.1
331,73.3,26.1
332,73.5,26.1
333,73.6,26.1
334,73.6,26.1
335,73.8,26
336,74,26.1
337,74,26.2
338,74,26.2
339,74.1,26.2
340,74.3,26.2
341,74.3,26.2
342,74.2,26.3
343,74.4,26.3
344,74.5,26.2
345,74.6,26.2
346,74.7,26.2
347,74.8,26.2
348,74.8,26.3
349,74.8,26.2
350,75,26.2
351,75.1,26.2
352,75.2,26.2
353,75.4,26.2
354,75.5,26.3
355,75.6,26.3
356,75.6,26.3
357,75.8,26.3
358,75.9,26.3
359,76.1,26.3
360,76.3,26.3
361,76.2,26.4
362,76.1,26.3
363,76.1,26.3
364,76.4,26.3
365,76.5,26.2
366,76.7,26.2
367,77,26.3
368,77.1,26.2
369,77.2,26.2
370,77.3,26.2
371,77.5,26.4
372,77.6,26.3
373,77.7,26.4
374,77.7,26.5
375,77.8,26.5
376,77.9,26.5
377,78.1,26.6
378,78,26.7
379,78,26.8
380,78,26.7
381,77.9,26.7
382,78,26.7
383,78,26.7
384,78.1,26.6
385,78.2,26.7
386,78.3,26.7
387,78.4,26.8
388,78.4,26.8
389,78.5,26.8
390,78.6,26.8
391,78.8,26.8
392,78.7,26.7
393,78.7,26.7
394,78.8,26.7
395,79.1,26.7
396,79.2,26.6
397,79.3,26.6
398,79.6,26.7
399,79.5,26.6
400,79.5,26.7
401,79.7,26.7
402,79.8,26.8
403,79.9,26.8
404,79.9,26.7
405,79.9,26.8
406,80.1,26.8
407,80.3,26.8
408,80.3,26.8
409,80.4,26.9
410,80.5,26.9
411,80.5,26.9
412,80.7,26.9
413,80.8,26.9
414,81,26.9
415,81,26.9
416,81.1,27
417,81,27
418,81.1,27
419,81.3,27
420,81.3,27
421,81.2,27
422,81.2,27
423,81.2,27
424,81.2,27
425,81.3,27
426,81.5,26.9
427,81.6,26.9
428,81.7,26.9
429,81.8,27
430,81.7,26.9
431,81.7,27
432,81.8,27
433,81.9,27
434,81.9,27.1
435,82,27.1
436,82.2,27.2
437,82.3,27.2
438,82.5,27.2
439,82.7,27.3
440,82.8,27.3
441,82.8,27.3
442,82.9,27.3
443,82.8,27.3
444,82.9,27.3
445,82.9,27.3
446,83.1,27.3
447,83.2,27.4
448,83.3,27.4
449,83.3,27.4
450,83.5,27.3
451,83.6,27.4
452,83.5,27.3
453,83.6,27.5
454,83.9,27.4
455,83.9,27.4
456,84.3,27.6
457,84.4,27.6
458,84.4,27.7
459,84.2,27.7
460,84.2,27.6
461,84.2,27.7
462,84.2,27.6
463,84.4,27.6
464,84.4,27.6
465,84.5,27.6
466,84.6,27.6
467,84.7,27.6
468,84.7,27.6
469,84.5,27.6
470,84.5,27.6
471,84.5,27.6
472,84.6,27.6
473,85,27.6
474,85.1,27.7
475,85.2,27.7
476,85.5,27.7
477,85.4,27.7
478,85.4,27.8
479,85.5,27.7
480,85.6,27.6
481,85.4,27.6
482,85.6,27.7
483,85.8,27.7
484,85.8,27.8
485,85.9,27.8
486,86.1,27.8
487,86,27.8
488,86.1,27.8
489,86.1,27.8
490,86.2,27.8
491,86.3,27.8
492,86.3,27.8
493,86.3,27.8
494,86.4,27.8
495,86.4,27.8
496,86.5,27.9
497,86.6,27.9
498,86.7,27.9
499,86.8,27.9
500,86.9,27.9
501,87,27.9
502,86.9,27.9
503,86.9,28
504,86.8,28.1
505,87,28
506,87.2,28.1
507,87.1,28.1
508,87.1,28.2
509,87.1,28.2
510,87.2,28.2
511,87.1,28.1
512,87.1,28.1
513,87.2,28.1
514,87.3,28
515,87.6,28
516,87.7,28
517,87.8,28
518,87.8,28.1
519,87.9,28.1
520,88,28.2
521,88.1,28.2
522,88.1,28.2
523,88.1,28.2
524,88.3,28.2
525,88.2,28.2
526,88.1,28.2
527,88.2,28.3
528,88.2,28.3
529,88.3,28.4
530,88.4,28.4
531,88.5,28.4
532,88.5,28.4
533,88.6,28.4
534,88.6,28.4
535,88.7,28.5
536,88.8,28.5
537,88.9,28.5
538,89,28.5
539,89,28.5
540,89.1,28.5
541,89.2,28.5
542,89.2,28.5
543,89.2,28.5
544,89.3,28.5
545,89.3,28.5
546,89.4,28.5
547,89.3,28.5
548,89.3,28.5
549,89.4,28.4
550,89.4,28.5
551,89.5,28.5
552,89.5,28.6
553,89.6,28.6
554,89.7,28.5
555,90,28.5
556,90.1,28.5
557,90.2,28.5
558,90.1,28.5
559,90,28.5
560,90,28.6
561,90.1,28.7
562,90.2,28.7
563,90.3,28.7
564,90.4,28.7
565,90.5,28.7
566,90.7,28.7
567,90.7,28.8
568,90.8,28.8
569,90.9,28.8
570,90.9,28.7
571,91.1,28.7
572,91,28.6
573,91,28.8
574,91,28.7
575,91.1,28.8
576,91.1,28.9
577,91.2,28.9
578,91.2,28.8
579,91.2,28.8
580,91.2,28.9
581,91.1,28.9
582,91,28.8
583,91.2,28.7
584,91.1,28.7
585,91.4,28.7
586,91.6,28.8
587,91.5,28.8
588,91.5,28.8
589,91.7,28.9
590,91.7,28.9
591,91.7,28.9
592,91.8,29
593,91.7,28.9
594,91.6,28.9
595,91.7,28.9
596,91.7,29
597,91.8,28.9
598,91.7,28.9
599,91.9,28.9
600,92.2,29
601,92.4,29.1
602,92.3,29
603,92.5,29.1
604,92.5,29.1
605,92.5,29
606,92.3,29
607,92.4,29
608,92.4,29.1
609,92.6,29.1
610,92.7,29.1
611,92.5,29.2
612,92.7,29.2
613,93.1,29.1
614,93.3,29.1
615,93.3,29.2
616,93.3,29.2
617,93.3,29.3
618,93.4,29.3
619,93.5,29.4
620,93.4,29.3
621,93.4,29.3
622,93.1,29.2
623,93.1,29.2
624,93.3,29.1
625,93.4,29.1
626,93.6,29.1
627,93.7,29.2
628,93.8,29.1
629,93.9,29.2
630,94,29.3
631,94,29.4
632,94.1,29.5
633,93.5,29.5
634,93.7,29.7
635,93.8,29.7
636,93.8,29.7
637,93.8,29.6
638,93.9,29.5
639,94,29.6
640,93.6,29.6
641,93.6,29.7
642,93.7,29.7
643,93.8,29.7
644,94,29.7
645,93.9,29.6
646,94,29.4
647,94.6,29.4
648,94.6,29.3
649,94.4,29.2
650,94.4,29.3
651,94.5,29.5
652,94.3,29.4
653,94.6,29.4
654,94.8,29.3
655,94.8,29.4
656,94.8,29.5
657,94.7,29.5
658,94.6,29.5
659,94.6,29.6
660,94.8,29.7
661,94.8,29.6
662,94.7,29.6
663,94.9,29.7
664,95.1,29.7
665,95.1,29.7
666,95.2,29.7
667,95.2,29.8
668,95.1,29.9
669,95.2,29.8
670,95.1,29.9
671,95,29.9
672,95.1,29.8
673,95,29.9
674,94.7,29.9
675,94.7,30
676,94.9,29.9
677,95,29.8
678,95.1,29.8
679,95.2,29.8
680,95.3,29.8
681,95.6,29.8
682,95.7,29.8
683,95.6,29.9
684,95.6,30
685,95.6,30
686,95.8,30
687,95.9,30
688,96.1,30.1
689,96.1,30
690,96.2,30
691,96.1,30
692,96.1,30.1
693,96,30.1
694,96,30.1
695,96.1,30.1
696,96.1,30.1
697,96.1,30.1
698,96.1,30.1
699,96.1,30.1
700,96.2,30.1
701,96.3,30.1
702,96.3,30.2
703,96.4,30.1
704,96.5,30.2
705,96.5,30.2
706,96.5,30.2
707,96.5,30.3
708,96.6,30.4
709,96.6,30.4
710,96.7,30.4
711,96.9,30.5
712,97,30.4
713,97.1,30.5
714,97.2,30.6
715,97.2,30.6
716,97.2,30.6
717,97.3,30.6
718,97.4,30.7
719,97.3,30.6
720,97.4,30.6
721,97.5,30.6
722,97.5,30.6
723,97.5,30.6
724,97.4,30.6
725,97.4,30.6
726,97.4,30.6
727,97.5,30.6
728,97.5,30.5
729,97.5,30.6
730,97.6,30.6
731,97.6,30.6
732,97.6,30.6
733,97.7,30.7
734,97.7,30.7
735,97.8,30.7
736,97.7,30.7
737,97.8,30.8
738,97.8,30.8
739,97.9,30.8
740,97.9,30.8
741,97.9,30.8
742,97.9,30.8
743,97.8,30.7
744,97.8,30.7
745,97.8,30.8
746,97.7,30.8
747,97.8,30.8
748,97.9,30.8
749,97.9,30.7
750,97.9,30.7
751,97.8,30.6
752,97.7,30.6
753,97.7,30.6
754,97.8,30.6
755,97.7,30.6
756,97.8,30.6
757,98.1,30.8
758,98.1,30.8
759,97.9,30.8
760,98,30.8
761,98,30.8
762,97.9,30.8
763,98.1,30.8
764,98.2,30.8
765,98.3,30.8
766,98.5,30.9
767,98.5,30.9
768,98.6,31
769,98.2,31
770,98.2,31
771,98.3,31
772,98.5,31
773,98.8,31.1
774,98.9,31.1
775,99,31.1
776,99.1,31.1
777,99.1,31.1
778,99.2,31.1
779,99.1,31.2
780,98.8,31.1
781,98.6,31.1
782,98.8,31.1
783,99.1,31.1
784,98.8,31
785,98.6,31
786,98.9,31.1
787,98.4,31.1
788,98.2,31
789,98.6,31.1
790,98.9,31.1
791,99.4,31.2
792,99.7,31.2
793,99.5,31.3
794,99.5,31.4
795,99.2,31.4
796,98.9,31.3
797,99,31.4
798,98.9,31.4
799,99.2,31.4
800,99.3,31.5
801,99.4,31.6
802,99.4,31.6
803,98.9,31.7
804,98.6,31.8
805,98.5,31.7
806,98.1,31.9
807,98.1,31.9
808,98.3,31.7
809,98.8,31.6
810,99,31.5
811,99.1,31.5
812,99.2,31.5
813,99.3,31.5
814,99.4,31.6
815,99.5,31.6
816,99.5,31.5
817,99.3,31.4
818,99.3,31.4
819,99.3,31.3
820,99.5,31.4
821,99.5,31.3
822,98.5,31.2
823,98.9,31.3
824,99.5,31.3
825,99.4,31.4
826,99.5,31.4
827,99.7,31.5
828,99.7,31.5
829,99.9,31.5
830,100.2,31.5
831,100.3,31.4
832,100.3,31.5
833,100.4,31.6
834,100.4,31.6
835,100.6,31.6
836,100.8,31.6
837,100.8,31.7
838,100.8,31.7
839,101,31.8
840,101.1,31.8
841,101.1,31.9
842,101.1,31.9
843,101,31.8
844,100.9,31.8
845,100.9,31.8
846,100.8,31.7
847,100.7,31.7
848,100.6,31.7
849,100.8,31.7
850,100.8,31.7
851,100.7,31.7
852,100.7,31.7
853,100.9,31.7
854,101,31.7
855,100.8,31.6
856,100.7,31.7
857,100.8,31.6
858,100.9,31.7
859,100.8,31.6
860,100.9,31.6
861,101,31.6
862,100.9,31.7
863,100.8,31.6
864,100.8,31.6
865,100.3,31.7
866,100.3,31.8
867,100.6,31.8
868,100.7,31.8
869,100.9,31.8
870,100.9,31.8
871,101,31.8
872,101,31.8
873,101.1,31.9
874,101.2,31.8
875,101.2,31.9
876,101.2,31.9
877,101.3,31.8
878,101.3,31.9
879,101.4,31.9
880,101.4,32
881,101.5,32
882,101.6,32.1
883,101.7,32
884,101.8,32
885,101.9,32
886,101.9,32.1
887,101.8,32.2
888,101.9,32.2
889,102,32.2
890,101.8,32.3
891,101.7,32.2
892,101.8,32.2
893,102,32.3
894,102,32.3
895,102.1,32.2
896,102.2,32.2
897,102.2,32.3
898,101.9,32.2
899,101.9,32.2
900,101.9,32.2
901,102,32.2
902,102,32.2
903,102.1,32.2
904,102.1,32.2
905,102.2,32.2
906,102.1,32.1
907,102,32.1
908,102.3,32.1
909,102.3,32.1
910,102.3,32.2
911,102.3,32.1
912,102.3,32.2
913,102.5,32.2
914,102.6,32.2
915,102.7,32.3
916,102.9,32.3
917,102.9,32.3
918,102.7,32.3
919,102.6,32.4
920,102.6,32.3
921,102.6,32.4
922,102.7,32.4
923,102.7,32.4
924,102.7,32.4
925,102.5,32.4
926,102.5,32.5
927,102.6,32.4
928,102.6,32.5
929,102.8,32.5
930,102.9,32.5
931,102.8,32.5
932,102.9,32.4
933,102.9,32.4
934,102.9,32.4
935,102.7,32.4
936,102.7,32.3
937,102.7,32.3
938,102.7,32.3
939,102.6,32.2
940,102.7,32.2
941,102.7,32.2
942,102.8,32.2
943,102.8,32.2
944,102.8,32.1
945,103,32.3
946,103.1,32.4
947,103.1,32.4
948,103,32.5
949,102.9,32.3
950,102.9,32.4
951,103.1,32.4
952,103.2,32.5
953,103.4,32.5
954,103.4,32.6
955,103.4,32.6
956,103.5,32.7
957,103.6,32.7
958,103.8,32.6
959,103.6,32.6
960,103.5,32.6
961,103.6,32.7
962,103.7,32.6
963,103.5,32.7
964,103.6,32.7
965,103.7,32.8
966,104,32.8
967,104,32.9
968,103.9,32.9
969,104,32.8
970,104.1,32.8
971,104.2,32.8
972,104.1,32.8
973,103.9,32.9
974,103.8,32.9
975,103.8,32.9
976,103.8,32.8
977,103.6,32.8
978,103.5,32.8
979,103.5,32.8
980,103.7,32.9
981,103.6,32.9
982,103.6,32.8
983,103.7,32.8
984,103.8,32.9
985,103.8,32.9
986,103.9,32.9
987,103.8,33
988,103.5,32.9
989,103.6,33
990,103.7,32.9
991,103.8,33
992,103.9,32.9
993,103.9,32.8
994,103.7,32.8
995,103.5,32.8
996,103.5,32.7
997,103.6,32.6
998,103.8,32.6
999,103.9,32.6
1000,104.1,32.5
1001,104.2,32.7
1002,104.1,32.7
1003,104.1,32.7
1004,104,32.6
1005,104.1,32.5
1006,104.2,32.5
1007,104.7,32.6
1008,104.8,32.5
1009,104.9,32.6
1010,104.9,32.7
1011,104.7,32.9
1012,104.2,33
1013,104.2,33
1014,104.3,33.3
1015,104,33.4
1016,103.8,33.4
1017,103.2,33.4
1018,103.5,33.4
1019,103.7,33.3
1020,103.6,33.3
1021,103.8,33.4
1022,104,33.3
1023,104.1,33.3
1024,104,33.3
1025,104,33.3
1026,104.2,33.3
1027,104.3,33.3
1028,104.3,33.2
1029,104.2,33.3
1030,103.9,33.4
1031,103.9,33.4
1032,103.9,33.4
1033,103.5,33.3
1034,104,33.3
1035,104.2,33.2
1036,104.2,33.3
1037,104.3,33.2
1038,104.4,33.2
1039,104.2,33.2
1040,104.2,33.2
1041,104,33.3
1042,103.9,33.4
1043,104.1,33.4
1044,104.3,33.3
1045,104.3,33.3
1046,104.6,33.2
1047,104.3,33.2
1048,104.4,33.3
1049,104.4,33.3
1050,104.7,33.2
1051,104.6,33.2
1052,104.8,33.1
1053,104.8,33
1054,104.6,33
1055,104.7,33.1
1056,104.9,33.1
1057,105,33.1
1058,104.8,33.1
1059,104.8,33.1
1060,104.9,33.1
1061,105,33.3
1062,105.1,33.4
1063,105.1,33.5
1064,105.2,33.5
1065,105.2,33.5
1066,105.2,33.5
1067,105.2,33.6
1068,105.3,33.7
1069,105.3,33.7
1070,105.4,33.6
1071,105.5,33.7
1072,105.4,33.6
1073,105.3,33.7
1074,104.9,33.7
1075,105,33.7
1076,104.9,33.6
1077,105,33.6
1078,105.3,33.7
1079,105.3,33.7
1080,105.4,33.7
1081,105.5,33.7
1082,105.6,33.8
1083,105.4,33.8
1084,105.6,33.9
1085,105.7,33.8
1086,105.8,33.8
1087,105.7,33.7
1088,105.8,33.7
1089,106,33.8
1090,106,33.8
1091,106,33.8
1092,105.8,33.9
1093,105.6,33.8
1094,105.5,33.9
1095,105.4,33.9
1096,105.5,33.9
1097,105.6,33.9
1098,105.7,33.9
1099,105.7,34.1
1100,105.6,34
1101,105.6,34.1
1102,105.5,34.1
1103,105.5,34.1
1104,105.6,34
1105,105.5,34
1106,105.4,34.1
1107,105.4,34
1108,105.5,33.9
1109,105.6,33.9
1110,105.8,33.8
1111,105.9,33.7
1112,106,33.8
1113,105.8,33.9
1114,105.8,33.9
1115,105.9,33.9
1116,105.5,33.9
1117,105.4,34
1118,105.2,34
1119,105.2,34
1120,105.4,34.1
1121,105.5,34.2
1122,105.7,34.1
1123,105.9,34.1
1124,105.8,34
1125,105.8,34
1126,105.8,34
1127,105.8,34
1128,105.7,34.1
1129,105.8,34.1
1130,106,34
1131,106,34
1132,106,34.1
1133,106,34
1134,106,34
1135,105.9,34
1136,105.9,34.1
1137,106,34
1138,106.1,34
1139,106,34
1140,106.1,34
1141,106.3,34
1142,106.2,34
1143,106,34
1144,106.1,33.9
1145,106.1,34
1146,106.4,34.1
1147,106.6,34.1
1148,106.6,34
1149,106.4,33.9
1150,106.3,34
1151,106.1,34
1152,106.2,34
1153,106.5,34.1
1154,106.6,34
1155,106.6,34.1
1156,106.5,34.1
1157,106.7,34.1
1158,106.6,34.1
1159,106.5,34.1
1160,106.8,34.3
1161,106.7,34.4
1162,106.8,34.4
1163,106.9,34.3
1164,107,34.3
1165,107.1,34.3
1166,106.8,34.3
1167,106.3,34.4
1168,106.4,34.4
1169,106.6,34.4
1170,106.5,34.4
1171,106.5,34.4
1172,106.5,34.5
1173,106.5,34.6
1174,106.3,34.6
1175,106.4,34.5
1176,106.4,34.5
1177,106.4,34.4
1178,106.4,34.5
1179,106.4,34.5
1180,106.5,34.5
1181,106.4,34.6
1182,106.6,34.5
1183,106.5,34.6
1184,106.4,34.5
1185,106.4,34.5
1186,106.4,34.5
1187,106.5,34.6
1188,106.5,34.6
1189,106.6,34.5
1190,106.6,34.5
1191,106.8,34.6
1192,106.8,34.6
1193,106.9,34.5
1194,106.9,34.5
1195,107,34.6
1196,106.9,34.6
1197,107,34.6
1198,107,34.8
1199,107,34.8
1200,107,34.8
1201,107,34.8
1202,107,34.6
1203,107,34.7
1204,106.9,34.6
1205,106.9,34.5
1206,107,34.5
1207,107.1,34.5
1208,107.2,34.5
1209,107.2,34.6
1210,107.3,34.6
1211,107.1,34.5
1212,107.1,34.4
1213,107.3,34.5
1214,107.4,34.6
1215,107.5,34.6
1216,107.6,34.6
1217,107.4,34.6
1218,107.3,34.6
1219,107.4,34.6
1220,107.4,34.7
1221,107.3,34.7
1222,107.3,34.7
1223,107.3,34.7
1224,107.3,34.6
1225,107.3,34.6
1226,107.5,34.6
1227,107.6,34.5
1228,107.7,34.5
1229,107.6,34.5
1230,107.6,34.4
1231,107.7,34.4
1232,107.6,34.3
1233,107.6,34.3
1234,107.5,34.4
1235,107.5,34.5
1236,107.5,34.6
1237,107.6,34.6
1238,107.6,34.6
1239,107.5,34.7
1240,107.5,34.7
1241,107.4,34.7
1242,107.4,34.8
1243,107.4,34.7
1244,107.5,34.8
1245,107.6,34.8
1246,107.6,34.8
1247,107.6,34.8
1248,107.6,34.7
1249,107.8,34.6
1250,107.8,34.7
1251,107.8,34.8
1252,107.7,34.7
1253,107.8,34.8
1254,107.8,34.8
1255,107.8,34.8
1256,107.8,34.8
1257,108,34.8
1258,108,34.7
1259,107.9,34.7
1260,107.8,34.6
1261,107.6,34.7
1262,107.8,34.7
1263,107.8,34.8
1264,107.8,34.8
1265,107.9,34.8
1266,107.8,34.7
1267,107.8,34.7
1268,107.9,34.8
1269,108,34.8
1270,108,34.9
1271,107.9,34.9
1272,108,34.9
1273,108.3,34.9
1274,108.3,34.9
1275,108.3,35
1276,108.4,35
1277,108.4,35
1278,108.5,35
1279,108.4,35
1280,108.2,35
1281,108.1,35
1282,108.1,34.9
1283,108.1,35
1284,108,35
1285,108,35
1286,108,35.1
1287,107.6,35
1288,107.7,34.9
1289,107.7,35
1290,107.8,35
1291,107.9,35.1
1292,108.1,35.1
1293,108.1,35.1
1294,108,35
1295,108.1,35
1296,108.3,35
1297,108.2,34.9
1298,108.3,34.9
1299,108.3,35
1300,108.3,35
1301,108.4,34.9
1302,108.2,35
1303,108.1,34.9
1304,108,34.9
1305,108,34.8
1306,108.2,34.9
1307,108.2,34.8
1308,108.2,34.9
1309,108.2,34.8
1310,108.2,34.9
1311,108.4,34.8
1312,108.4,34.8
1313,108.5,34.8
1314,108.5,34.9
1315,108.5,35
1316,108.5,34.9
1317,108.6,34.8
1318,108.7,34.9
1319,108.6,34.9
1320,108.5,34.8
1321,108.5,34.8
1322,108.5,34.8
1323,108.4,34.9
1324,108.5,34.9
1325,108.5,34.9
1326,108.4,34.9
1327,108.4,35
1328,108.5,35.2
1329,108.5,35.3
1330,108.7,35.3
1331,108.3,35.3
1332,108,35.1
1333,108.1,35.1
1334,108.2,34.9
1335,108.1,34.7
1336,107.9,34.8
1337,108.2,34.7
1338,108.3,34.7
1339,108.4,34.8
1340,108.5,34.9
1341,108.6,35
1342,108.6,35
1343,108.5,35
1344,108.6,35
1345,108.5,35
1346,108.4,34.9
1347,108.6,34.9
1348,108.4,34.8
1349,108.3,34.9
1350,108.4,34.8
1351,108.5,34.9
1352,108.6,35
1353,108.7,35
1354,108.6,35.1
1355,108.6,35.1
1356,108.6,35.2
1357,108.6,35.2
1358,108.7,35.3
1359,108.7,35.3
1360,108.7,35.3
1361,108.7,35.4
1362,109,35.3
1363,109.1,35.3
1364,109,35.2
1365,108.9,35.1
1366,109.1,35.1
1367,108.9,35
1368,108.7,35.1
1369,108.8,35.2
1370,108.9,35.3
1371,109.1,35.2
1372,109.1,35.2
1373,109,35.2
1374,109,35.2
1375,108.9,35.3
1376,108.8,35.3
1377,108.8,35.4
1378,108.8,35.3
1379,108.8,35.3
1380,108.8,35.3
1381,109.1,35.3
1382,109.2,35.2
1383,109.1,35.3
1384,109.1,35.3
1385,109.2,35.4
1386,109,35.4
1387,108.9,35.3
1388,108.7,35.4
1389,108.9,35.5
1390,109.1,35.5
1391,109,35.4
1392,108.8,35.4
1393,108.6,35.1
1394,108.6,35.1
1395,108.5,35.1
1396,108.7,35.2
1397,109,35.3
1398,109.1,35.2
1399,109.1,35.2
1400,109,35.2
1401,109.2,35.2
1402,109.1,35.2
1403,109,35.2
1404,109,35.2
1405,108.9,35.2
1406,109,35.1
1407,109,35.1
1408,108.9,35.1
1409,109.2,35.2
1410,109.3,35.2
1411,109.5,35.3
1412,109.6,35.3
1413,109.6,35.4
1414,109.5,35.4
1415,109.5,35.4
1416,109.5,35.4
1417,109.4,35.4
1418,109.4,35.4
1419,109.4,35.4
1420,109.4,35.4
1421,109.6,35.5
1422,109.7,35.5
1423,109.8,35.5
1424,109.6,35.4
1425,109.4,35.4
1426,109.2,35.5
1427,109.3,35.5
1428,109.5,35.4
1429,109.6,35.5
1430,109.5,35.5
1431,109.5,35.4
1432,109.5,35.4
1433,109.5,35.4
1434,109.3,35.5
1435,109.3,35.4
1436,109.3,35.5
1437,109.2,35.5
1438,109.2,35.6
1439,109.1,35.6
1440,109.1,35.5
1441,109.2,35.5
1442,109.2,35.5
1443,109.3,35.6
1444,108.8,35.6
1445,108.8,35.5
1446,109,35.5
1447,109.2,35.5
1448,109.4,35.6
1449,109.5,35.6
1450,109.5,35.6
1451,109.7,35.7
1452,109.7,35.6
1453,109.6,35.7
1454,109.6,35.7
1455,109.5,35.8
1456,109.5,35.7
1457,109.6,35.7
1458,109.5,35.6
1459,109.4,35.5
1460,109.3,35.5
1461,108.9,35.4
1462,109,35.4
1463,109.3,35.4
1464,109.4,35.3
1465,109.5,35.4
1466,109.6,35.4
1467,109.6,35.6
1468,109.3,35.7
1469,109.2,35.7
1470,109.3,35.7
1471,109.5,35.7
1472,109.6,35.5
1473,109.5,35.5
1474,109.6,35.5
1475,109.7,35.4
1476,109.7,35.5
1477,109.7,35.5
1478,109.6,35.5
1479,109.5,35.5
1480,109.5,35.5
1481,109.5,35.5
1482,109.6,35.6
1483,109.6,35.7
1484,109.7,35.7
1485,109.6,35.8
1486,109.7,35.7
1487,109.7,35.7
1488,109.7,35.7
1489,109.6,35.6
1490,109.7,35.6
1491,109.8,35.6
1492,109.9,35.7
1493,109.9,35.7
1494,109.9,35.6
1495,109.9,35.7
1496,109.9,35.7
1497,109.9,35.7
1498,110,35.8
1499,109.9,35.7
1500,109.9,35.7
1501,109.8,35.7
1502,109.8,35.7
1503,109.8,35.7
1504,109.9,35.8
1505,109.9,35.8
1506,109.9,35.7
1507,109.8,35.7
1508,109.7,35.7
1509,109.7,35.7
1510,109.8,35.6
1511,109.7,35.7
1512,109.8,35.8
1513,109.9,35.8
1514,109.9,35.8
1515,109.8,35.9
1516,109.7,36
1517,109.9,35.8
1518,109.8,35.7
1519,110,35.7
1520,109.8,36
1521,109.9,36.1
1522,110,36.1
1523,110,36.2
1524,109.9,36
1525,109.8,36
1526,109.8,36.1
1527,109.7,36.1
1528,109.8,36.1
1529,109.9,36.1
1530,109.9,36.2
1531,109.9,36.2
1532,109.8,36.1
1533,109.6,36.2
1534,109.7,36.1
1535,109.6,36.2
1536,109.5,36.2
1537,109.4,36.3
1538,109.4,36.3
1539,109.3,36.2
1540,109.2,36
1541,109.2,35.9
1542,109.3,36
1543,109.7,36.1
1544,109.4,36.1
1545,109.3,36.1
1546,109.5,36
1547,109.5,36
1548,109.3,36.1
1549,109.2,36.1
1550,109.3,36.1
1551,109.7,36
1552,109.6,36
1553,109.7,36.1
1554,110,35.9
1555,109.8,35.9
1556,109.7,36
1557,109.7,35.9
1558,109.7,35.8
1559,109.8,35.8
1560,109.9,35.8
1561,110,35.9
1562,110,36
1563,110,35.9
1564,110.1,36
1565,110.2,36
1566,110.2,36.1
1567,110.4,36.1
1568,110.4,36.2
1569,110.5,36.2
1570,110.5,36.2
1571,110.6,36.2
1572,110.6,36.2
1573,110.6,36.3
1574,110.6,36.2
1575,110.6,36.2
1576,110.5,36.2
1577,110.5,36.1
1578,110.2,36.1
1579,110.2,36.2
1580,110.4,36.3
1581,110.4,36.2
1582,110.4,36.2
1583,110.4,36.1
1584,110.4,36.1
1585,110.4,36.1
1586,110.4,36.1
1587,110.4,36.1
1588,110.3,36.1
1589,110.2,36.1
1590,110.2,36.1
1591,110.5,36.1
1592,110.6,36.2
1593,110.5,36.2
1594,110.5,36.2
1595,110.3,36.3
1596,110.3,36.3
1597,110.5,36.1
1598,110.6,35.9
1599,110.5,35.8
1600,110.5,35.9
1601,110.3,36
1602,110.3,35.9
1603,110.2,35.9
1604,110.2,35.9
1605,110.1,36
1606,110.2,36.1
1607,110.3,36.1
1608,110.2,36.1
1609,110.3,36
1610,110,36.1
1611,110,36.1
1612,110.1,36.1
1613,110.3,36.2
1614,110.2,36.2
1615,110.5,36.2
1616,110.6,36.1
1617,110.6,36
1618,110.5,36.1
1619,110.5,35.9
1620,110.6,36
1621,110.6,36
1622,110.7,36.1
1623,110.5,36.1
1624,110.5,36.1
1625,110.5,36.1
1626,110.3,36.2
1627,110.4,36.3
1628,110.5,36.3
1629,110.7,36.3
1630,110.4,36.3
1631,110.4,36.4
1632,110.3,36.4
1633,110.7,36.3
1634,110.5,36.3
1635,110.1,36.2
1636,109.8,36.4
1637,109.9,36.5
1638,110.3,36.5
1639,110.4,36.5
1640,110.5,36.5
1641,110.6,36.5
1642,110.7,36.5
1643,110.7,36.5
1644,110.6,36.4
1645,110.8,36.3
1646,110.8,36.5
1647,110.6,36.6
1648,110.4,36.5
1649,110,36.6
1650,110.1,36.4
1651,110.4,36.3
1652,110.5,36.3
1653,110.6,36.4
1654,110.5,36.4
1655,110.6,36.3
1656,110.8,36.2
1657,110.8,36.3
1658,110.8,36.2
1659,110.7,36.3
1660,110.6,36.2
1661,110.8,36.1
1662,110.8,36.1
1663,110.7,36.1
1664,110.9,36.2
1665,111,36.3
1666,111.2,36.3
1667,111.1,36.3
1668,111.1,36.4
1669,111,36.4
1670,110.6,36.3
1671,110.9,36.2
1672,111.1,36.1
1673,111.2,36.1
1674,111.1,36.1
1675,111.1,36.3
1676,111.1,36.2
1677,111,36.3
1678,110.9,36.4
1679,110.9,36.4
1680,111,36.3
1681,110.7,36.3
1682,110.7,36.3
1683,110.8,36.3
1684,110.8,36.3
1685,110.8,36.5
1686,110.7,36.6
1687,110.8,36.6
1688,110.8,36.5
1689,110.8,36.5
1690,110.7,36.5
1691,110.5,36.4
1692,110.6,36.5
1693,110.7,36.5
1694,110.5,36.3
1695,110.3,36.2
1696,110.4,36.3
1697,110.5,36.3
1698,110.3,36.4
1699,110.4,36.3
1700,110.5,36.3
1701,110.7,36.2
1702,110.5,36.2
1703,110.2,36.1
1704,110.5,36
1705,110.7,36
1706,110.9,36
1707,111.2,36.2
1708,111.3,36.2
1709,111.4,36.3
1710,111.3,36.3
1711,111,36.3
1712,110.7,36.4
1713,110.8,36.4
1714,110.7,36.4
1715,110.5,36.5
1716,110.5,36.5
1717,110.4,36.6
1718,110.6,36.8
1719,110.5,36.7
1720,110.5,36.8
1721,110.7,36.8
1722,110.8,36.7
1723,110.7,36.7
1724,110.6,36.8
1725,110.7,36.8
1726,110.4,36.9
1727,110.5,36.9
1728,110.6,37
1729,110.7,37
1730,110.8,37
1731,110.9,37
1732,111,36.7
1733,111.1,36.8
1734,111,36.8
1735,111.1,36.9
1736,111,36.9
1737,110.9,36.9
1738,110.9,36.9
1739,110.8,36.9
1740,110.8,36.9
1741,110.7,36.9
1742,110.7,36.9
1743,110.7,37.1
1744,110.8,37.2
1745,110.9,37.2
1746,110.8,37.1
1747,110.7,37
1748,110.7,37
1749,110.8,37
1750,110.9,37
1751,111,37
1752,111,37
1753,110.9,37.1
1754,110.9,37.1
1755,110.9,37.1
1756,110.8,37.1
1757,110.7,37.1
1758,110.7,37.2
1759,111,37.2
1760,111.2,37.3
1761,111.2,37.3
1762,111,37.4
1763,111.2,37.2
1764,111.1,37.2
1765,111,37.2
1766,111.2,37
1767,111.1,37
1768,111.2,36.9
1769,111.4,37
1770,111.4,36.9
1771,111.4,36.9
1772,111.3,36.9
1773,111.2,36.7
1774,111.4,36.6
1775,111.5,36.6
1776,111.2,36.7
1777,111.1,36.8
1778,111,36.9
1779,111.1,36.9
1780,111.2,36.9
1781,111.2,36.9
1782,111.1,36.9
1783,111.1,36.9
1784,111.2,36.9
1785,111.2,36.9
1786,111.2,37
1787,111.2,37
1788,111.3,37
1789,111.2,37
1790,111.1,37.1
1791,111.1,37.1
1792,111.1,37.2
1793,111.1,37.2
1794,111,37.2
1795,111,37.1
1796,111.1,37
1797,111.3,37
1798,111.5,37
1799,111.4,37
1800,111.6,37
1801,111.7,37
1802,111.7,36.9
1803,111.7,36.9
1804,111.7,36.9
1805,111.7,37
1806,111.7,37
1807,112,37.1
1808,111.8,37
1809,111.7,37
1810,111.6,36.9
1811,112,37
1812,111.9,37
1813,112,37
1814,111.9,37
1815,111.7,36.9
1816,111.7,36.8
1817,111.8,36.6
1818,111.7,36.5
1819,111.7,36.6
1820,111.9,36.5
1821,111.9,36.6
1822,111.5,36.7
1823,111.2,36.8
1824,111.2,36.9
1825,111.5,36.8
1826,111.6,36.9
1827,111.3,36.9
1828,111,36.8
1829,111,36.9
1830,111.2,36.8
1831,111.3,36.7
1832,111,36.9
1833,110.8,36.9
1834,110.8,36.9
1835,110.7,36.9
1836,110.9,36.8
1837,110.9,36.7
1838,110.8,36.8
1839,110.6,37
1840,110.3,37.1
1841,110.4,37.2
1842,110.7,37.1
1843,110.8,37
1844,110.8,37
1845,111,36.8
1846,111.2,36.8
1847,111.1,36.7
1848,111.2,36.7
1849,111,36.8
1850,111.1,36.7
1851,111.1,36.7
1852,111.6,36.8
1853,111.5,37
1854,111.2,37.1
1855,111.2,37.2
1856,111.2,37.1
1857,111.3,37
1858,111.3,36.9
1859,111.4,36.7
1860,111.6,36.7
1861,111.1,36.7
1862,110.8,36.9
1863,110.9,37
1864,111.1,36.9
1865,111.1,37
1866,111.1,36.9
1867,111.2,37
1868,111.4,36.9
1869,111.3,36.8
1870,111.1,36.8
1871,111.1,36.8
1872,110.9,36.9
1873,110.8,37
1874,110.7,37.1
1875,110.6,37.1
1876,110.4,37.1
1877,110.6,37.1
1878,110.6,37.2
1879,110.8,37.1
1880,110.9,37.2
1881,111.2,37.2
1882,111.3,37.4
1883,111.3,37.3
1884,111.1,37.5
1885,111.1,37.4
1886,111,37.3
1887,110.9,37.2
1888,110.9,37.3
1889,111.1,37.3
1890,111.1,37.3
1891,111.1,37.2
1892,111.2,37.3
1893,111.1,37.3
1894,111.1,37.2
1895,110.9,37.2
1896,110.8,37.3
1897,111.1,37.3
1898,111.2,37.3
1899,111.3,37.4
1900,111.4,37.5
1901,111.4,37.5
1902,111.2,37.5
1903,111.6,37.5
1904,111.6,37.4
1905,111.7,37.4
1906,111.9,37.5
1907,111.8,37.3
1908,111.7,37.3
1909,111.6,37.3
1910,111.6,37.4
1911,111.9,37.3
1912,112,37.2
1913,111.9,37.2
1914,112,37.4
1915,111.9,37.4
1916,112.1,37.5
1917,112.3,37.3
1918,112.4,37.2
1919,112.3,37.5
1920,112.1,37.6
1921,111.4,37.6
1922,110.9,37.6
1923,111.5,37.5
1924,111.6,37.6
1925,111.6,37.5
1926,111.7,37.5
1927,111.8,37.3
1928,111.6,37.2
1929,111.7,37.2
1930,111.6,37.3
1931,111.3,37.2
1932,111.1,37.2
1933,111.1,37.2
1934,111.3,37.3
1935,111.4,37.3
1936,111.5,37.4
1937,111.7,37.5
1938,111.6,37.5
1939,111.5,37.6
1940,111.6,37.7
1941,111.5,37.7
1942,111.4,37.7
1943,111.5,37.7
1944,111.5,37.7
1945,111.5,37.6
1946,111.5,37.6
1947,111.4,37.6
1948,111.4,37.7
1949,111.4,37.7
1950,111.5,37.7
1951,111.5,37.7
1952,111.5,37.8
1953,111.5,37.7
1954,111.4,37.8
1955,111.3,37.7
1956,111.2,37.8
1957,111.1,37.8
1958,111.2,37.8
1959,111.1,38
1960,111.2,37.9
1961,111.3,37.9
1962,111.2,37.8
1963,111.4,37.8
1964,111.5,37.8
1965,111.5,37.7
1966,111.5,37.8
1967,111.5,37.7
1968,111.6,37.7
1969,111.7,37.6
1970,111.7,37.7
1971,111.6,37.6
1972,111.6,37.6
1973,111.6,37.6
1974,111.6,37.6
1975,111.6,37.5
1976,111.5,37.6
1977,111.5,37.6
1978,111.6,37.5
1979,111.7,37.5
1980,111.7,37.4
1981,111.5,37.5
1982,111.6,37.4
1983,111.7,37.6
1984,111.6,37.6
1985,111.9,37.7
1986,112,37.8
1987,111.9,37.7
1988,111.8,37.7
1989,111.8,37.6
1990,111.9,37.5
1991,111.8,37.4
1992,111.6,37.4
1993,111.7,37.6
1994,111.8,37.6
1995,111.6,37.7
1996,111.6,37.8
1997,111.7,37.8
1998,111.7,37.8
1999,111.8,37.8
2000,111.6,37.9
2001,111.6,37.9
2002,111.7,37.7
2003,111.9,37.7
2004,112,37.7
2005,112,37.9
2006,112,37.9
2007,111.9,37.9
2008,111.8,37.8
2009,111.6,37.9
2010,111.7,37.9
2011,111.9,37.9
2012,111.9,38
2013,111.8,37.9
2014,111.9,37.9
2015,111.9,37.8
2016,111.7,37.8
2017,111.7,37.8
2018,111.8,37.8
2019,112,37.6
2020,112,37.5
2021,111.9,37.5
2022,111.7,37.5
2023,111.6,37.6
2024,111.5,37.6
2025,111.6,37.6
2026,111.5,37.6
2027,111.7,37.6
2028,111.8,37.6
2029,111.8,37.7
2030,111.9,37.6
2031,111.9,37.7
2032,111.9,37.7
2033,111.8,37.8
2034,111.8,37.8
2035,111.8,37.8
2036,111.8,37.8
2037,111.9,37.8
2038,111.9,37.9
2039,111.9,37.8
2040,112.2,37.8
2041,112,37.6
2042,111.8,37.5
2043,111.4,37.4
2044,111,37.5
2045,110.9,37.6
2046,111.3,37.6
2047,111.3,37.5
2048,111.3,37.5
2049,111.3,37.6
2050,111.4,37.6
2051,111.7,37.6
2052,111.7,37.6
2053,111.8,37.7
2054,111.9,37.6
2055,112.1,37.7
2056,112.1,37.7
2057,112,37.6
2058,112,37.7
2059,112.1,37.7
2060,112.1,37.6
2061,112,37.4
2062,112,37.5
2063,112,37.6
2064,111.7,37.6
2065,111.7,37.6
2066,111.7,37.6
2067,111.5,37.6
2068,111.5,37.6
2069,111.6,37.6
2070,111.7,37.7
2071,111.6,37.6
2072,111.9,37.5
2073,112,37.5
2074,112.3,37.6
2075,112.4,37.7
2076,112.2,37.7
2077,112.1,37.6
2078,112.2,37.6
2079,111.9,37.6
2080,111.9,37.6
2081,111.9,37.7
2082,112.1,37.7
2083,112.1,37.7
2084,112,37.8
2085,111.8,37.7
2086,111.6,37.8
2087,111.5,37.8
2088,111.4,37.9
2089,111.2,37.9
2090,110.8,38
2091,110.9,38
2092,111.1,37.9
2093,111.3,37.9
2094,111.6,37.8
2095,111.5,37.7
2096,111.5,37.8
2097,111.6,37.7
2098,111.7,37.8
2099,111.6,37.7
2100,111.8,37.5
2101,111.7,37.4
2102,111.6,37.4
2103,111.5,37.3
2104,111.5,37.3
2105,111.5,37.5
2106,111.5,37.5
2107,111.7,37.5
2108,111.9,37.5
2109,112,37.5
2110,112,37.6
2111,112,37.6
2112,112,37.6
2113,111.9,37.6
2114,111.9,37.7
2115,112,37.7
2116,112,37.7
2117,112.1,37.8
2118,112,37.8
2119,112.1,37.9
2120,112.1,38
2121,112.2,38
2122,112.4,38.1
2123,112.5,38.1
2124,112.6,38
2125,112.5,38
2126,112.6,38
2127,112.6,38.1
2128,112.5,38.1
2129,112.4,38.1
2130,112.5,38.1
2131,112.6,38.2
2132,112.6,38.2
2133,112.6,38.2
2134,112.6,38.1
2135,112.5,38.1
2136,112.3,38
2137,112.3,38
2138,112.3,38
2139,112.2,38
2140,112.1,38
2141,112.1,37.9
2142,112.1,38
2143,112.1,38.1
2144,112.1,38.1
2145,112.2,38.1
2146,112.4,38.1
2147,112.3,38.1
2148,112.2,38.1
2149,112.5,38
2150,112.7,37.8
2151,112.6,37.9
2152,112.5,37.8
2153,112.4,37.8
2154,112.4,37.8
2155,112.3,38
2156,112.1,37.9
2157,112.1,38
2158,112,37.8
2159,111.9,37.9
2160,111.8,38.1
2161,111.8,38.1
2162,111.7,38
2163,111.8,38
2164,111.9,38
2165,111.9,38
2166,111.9,38
2167,112,38.1
2168,112,38.1
2169,112.1,38.1
2170,112.2,38.1
2171,112.2,38.1
2172,112.2,38.1
2173,112.4,38.2
2174,112.4,38.1
2175,112.4,38.1
2176,112.4,38.1
2177,112.4,38.2
2178,112.4,38.3
2179,112.4,38.3
2180,112.4,38.3
2181,112.5,38.4
2182,112.4,38.3
2183,112.5,38.3
2184,112.3,38.3
2185,112.3,38.3
2186,112.4,38.3
2187,112.4,38.3
2188,112.4,38.1
2189,112.4,38
2190,112.4,38
2191,112.4,38.1
2192,112.4,38.1
2193,112.4,38.1
2194,112.3,38.1
2195,112.5,38.2
2196,112.5,38.2
2197,112.5,38.2
2198,112.5,38.2
2199,112.6,38.2
2200,112.3,38.2
2201,112.5,38.2
2202,112.5,38.2
2203,112.5,38.2
2204,112.7,38.3
2205,112.7,38.3
2206,112.6,38.2
2207,112.5,38.3
2208,112.3,38.2
2209,112.3,38.2
2210,112.4,38.1
2211,112.4,38
2212,112.4,38.1
2213,112.3,38.1
2214,112,38.2
2215,112,38.3
2216,112.1,38.2
2217,112.3,38.2
2218,112.4,38.2
2219,112.2,38.1
2220,112.1,38.1
2221,111.4,38.2
2222,111.5,38.2
2223,111.8,38.3
2224,112.1,38.3
2225,112.5,38.4
2226,112.5,38.3
2227,112.3,38.3
2228,112,38.1
2229,112.2,37.8
2230,112.5,37.8
2231,112.5,37.7
2232,112.7,37.9
2233,112.7,37.9
2234,112.5,37.9
2235,112.5,38
2236,112.6,38.1
2237,112.6,38
2238,112.6,38.1
2239,112.8,37.9
2240,112.9,37.8
2241,112.9,37.8
2242,112.9,37.8
2243,112.7,37.8
2244,112.6,37.8
2245,112.7,37.7
2246,112.7,37.8
2247,112.5,37.7
2248,112.5,37.8
2249,112.4,38
2250,112.5,38
2251,112.5,38
2252,112.5,38.1
2253,112.4,38
2254,112.5,38.1
2255,112.4,38.1
2256,112.5,38.2
2257,112.4,38.3
2258,112.4,38.3
2259,112.4,38.2
2260,112.4,38.3
2261,112.3,38.4
2262,112.4,38.4
2263,112.4,38.4
2264,112.6,38.4
2265,112.6,38.3
2266,112.5,38.3
2267,112.7,38.2
2268,112.8,38.3
2269,112.7,38.2
2270,112.9,38.3
2271,112.7,38.3
2272,112.6,38.2
2273,112.6,38
2274,112.6,38
2275,112.5,38.1
2276,112.5,38
2277,112.7,38.1
2278,112.5,38.1
2279,112.3,38.2
2280,112.5,38.2
2281,112.5,38.1
2282,112.7,38.1
2283,112.8,37.9
2284,113,37.8
2285,112.9,37.7
2286,112.9,37.7
2287,113,37.8
2288,112.9,37.9
2289,112.8,37.9
2290,112.7,38
2291,112.7,38
2292,112.8,38
2293,112.8,38
2294,112.6,38
2295,112.7,38.1
2296,112.7,38.1
2297,112.7,38.1
2298,112.7,38.2
2299,112.8,38.2
2300,112.9,38.2
2301,113,38.2
2302,112.8,38.1
2303,112.7,38.2
2304,112.8,38.2
2305,112.9,38.3
2306,112.8,38.3
2307,112.7,38.3
2308,112.6,38.4
2309,112.6,38.4
2310,112.6,38.4
2311,112.5,38.4
2312,112.6,38.4
2313,112.5,38.3
2314,112.5,38.4
2315,112.4,38.3
2316,112.5,38.4
2317,112.5,38.3
2318,112.6,38.3
2319,112.5,38.3
2320,112.5,38.3
2321,112.5,38.2
2322,112.5,38.2
2323,112.3,38.1
2324,112.3,38.2
2325,112.3,38.2
2326,112.4,38.3
2327,112.5,38.3
2328,112.5,38.3
2329,112.4,38.3
2330,112.4,38.3
2331,112.5,38.3
2332,112.8,38.2
2333,112.8,38.2
2334,112.6,38.2
2335,112.3,38.1
2336,112.2,38.2
2337,112.2,38.3
2338,112.3,38.3
2339,112.4,38.3
2340,112.4,38.3
2341,112.4,38.2
2342,112.5,38.2
2343,112.5,38.3
2344,112.6,38.2
2345,112.8,38.3
2346,112.6,38.2
2347,112.6,38.3
2348,112.4,38.3
2349,112.4,38.2
2350,112.4,38.3
2351,112.6,38.3
2352,112.7,38.3
2353,112.7,38.4
2354,112.7,38.4
2355,112.8,38.4
2356,112.8,38.3
2357,112.8,38.3
2358,113,38.3
2359,113,38.3
2360,113.1,38.3
2361,113.2,38.4
2362,113.2,38.4
2363,113.1,38.2
2364,113.2,38.1
2365,113.3,38.2
2366,113.1,38.2
2367,113,38.2
2368,112.9,38.2
2369,112.9,38.3
2370,112.9,38.2
2371,112.9,38.3
2372,113,38.3
2373,112.9,38.3
2374,112.8,38.3
2375,113,38.2
2376,112.8,38.1
2377,112.8,38.1
2378,112.6,38
2379,112.7,38
2380,112.7,38.1
2381,112.5,38.1
2382,112.3,38.1
2383,112.2,38.1
2384,112.2,38.1
2385,112.6,38.1
2386,112.7,38.2
2387,112.6,38.1
2388,112.6,38.1
2389,113,38
2390,113.1,37.9
2391,113,37.9
2392,113.5,37.7
2393,113.4,37.7
2394,113.6,37.7
2395,113.5,37.6
2396,113.5,37.7
2397,113.4,37.7
2398,113.4,37.8
2399,113.2,38
2400,113.2,38.1
2401,113.4,38.1
2402,113.3,38.2
2403,113.3,38.2
2404,112.9,38.2
2405,113.1,38.3
2406,113,38.4
2407,113.1,38.3
2408,113,38.3
2409,113.1,38.2
2410,113,38.3
2411,113.1,38.3
2412,113,38.3
2413,112.8,38.3
2414,112.8,38.3
2415,112.8,38.3
2416,112.8,38.4
2417,112.8,38.5
2418,112.8,38.5
2419,112.8,38.5
2420,112.8,38.6
2421,112.9,38.6
2422,113,38.6
2423,113,38.6
2424,112.8,38.5
2425,112.8,38.6
2426,112.7,38.6
2427,112.7,38.5
2428,112.7,38.6
2429,112.6,38.6
2430,112.6,38.6
2431,112.6,38.6
2432,112.6,38.6
2433,112.8,38.6
2434,112.9,38.6
2435,112.8,38.5
2436,112.7,38.5
2437,112.8,38.5
2438,112.8,38.4
2439,112.9,38.4
2440,112.9,38.5
2441,112.8,38.4
2442,112.7,38.4
2443,112.7,38.4
2444,112.4,38.5
2445,112.6,38.5
2446,112.5,38.3
2447,112.6,38.2
2448,112.6,38.2
2449,112.6,38.2
2450,112.6,38.2
2451,112.9,38.2
2452,112.8,38.2
2453,112.8,38.1
2454,112.9,38.1
2455,112.8,38.2
2456,112.8,38.3
2457,112.5,38.3
2458,112.6,38.3
2459,112.6,38.2
2460,112.6,38.1
2461,112.6,38.4
2462,112.5,38.4
2463,112.7,38.3
2464,112.6,38.2
2465,112.8,38.3
2466,112.9,38.3
2467,113,38.4
2468,113,38.5
2469,112.9,38.4
2470,112.8,38.4
2471,113,38.4
2472,113.1,38.4
2473,113,38.5
2474,112.9,38.5
2475,112.9,38.5
2476,112.8,38.6
2477,112.7,38.6
2478,112.8,38.5
2479,112.8,38.5
2480,112.7,38.5
2481,112.9,38.5
2482,113,38.5
2483,112.9,38.7
2484,113,38.7
2485,113.1,38.8
2486,113,38.7
2487,113,38.7
2488,113,38.7
2489,112.9,38.7
2490,113,38.7
2491,112.9,38.7
2492,113,38.8
2493,113,38.8
2494,113,38.8
2495,113,38.7
2496,112.9,38.7
2497,112.9,38.8
2498,113.1,38.8
2499,113.1,38.8
2500,113.1,38.8
2501,113.3,38.7
2502,113.3,38.7
2503,113.4,38.7
2504,113.3,38.6
2505,113.3,38.6
2506,113.2,38.6
2507,113.2,38.6
2508,113.2,38.6
2509,113.2,38.6
2510,113.2,38.7
2511,113.1,38.7
2512,113,38.8
2513,113,38.8
2514,113,38.9
2515,113,38.8
2516,113.2,38.8
2517,113.3,38.8
2518,113.1,38.7
2519,113.2,38.5
2520,113.1,38.5
2521,113.1,38.5
2522,113.3,38.4
2523,113.2,38.5
2524,113.1,38.5
2525,113.1,38.5
2526,113.1,38.5
2527,113,38.5
2528,113,38.6
2529,113,38.5
2530,113.2,38.6
2531,113.3,38.5
2532,113.3,38.6
2533,113.3,38.5
2534,113.2,38.6
2535,113.3,38.6
2536,113.4,38.6
2537,113.3,38.6
2538,113.1,38.6
2539,112.8,38.5
2540,112.8,38.7
2541,112.8,38.6
2542,113,38.6
2543,113,38.6
2544,113,38.7
2545,113,38.7
2546,113.2,38.8
2547,113.3,38.8
2548,113.2,38.7
2549,113.3,38.7
2550,113.1,38.7
2551,113.3,38.7
2552,113.3,38.7
2553,113.1,38.6
2554,113.2,38.7
2555,113.2,38.6
2556,113.1,38.6
2557,112.9,38.5
2558,112.9,38.5
2559,112.9,38.4
2560,113,38.4
2561,113,38.4
2562,113,38.5
2563,113.1,38.6
2564,112.9,38.6
2565,112.9,38.6
2566,112.8,38.6
2567,112.9,38.6
2568,112.9,38.6
2569,112.9,38.6
2570,112.9,38.5
2571,112.8,38.5
2572,112.9,38.4
2573,113.1,38.5
2574,113.1,38.5
2575,113,38.5
2576,113,38.5
2577,112.7,38.5
2578,112.8,38.6
2579,112.7,38.6
2580,112.9,38.5
2581,113.1,38.5
2582,113.3,38.5
2583,113.2,38.3
2584,113.2,38.2
2585,113.1,38.2
2586,113.4,38.2
2587,113.4,38.2
2588,112.9,38.2
2589,112.8,38.2
2590,113,38.4
2591,113.2,38.4
2592,113.2,38.5
2593,113.2,38.5
2594,113,38.6
2595,113,38.6
2596,113.2,38.7
2597,113.1,38.7
2598,113.2,38.5
2599,113.1,38.5
2600,113.1,38.5
2601,113.2,38.4
2602,113.1,38.3
2603,112.9,38.4
2604,112.7,38.4
2605,112.6,38.4
2606,112.7,38.4
2607,112.7,38.4
2608,112.6,38.4
2609,112.6,38.5
2610,112.7,38.6
2611,112.9,38.6
2612,112.8,38.6
2613,112.7,38.7
2614,112.6,38.7
2615,112.8,38.7
2616,112.7,38.6
2617,112.9,38.6
2618,113.2,38.3
2619,113.1,38.3
2620,113.1,38.4
2621,113.1,38.4
2622,113,38.4
2623,113.1,38.4
2624,112.9,38.5
2625,113.2,38.6
2626,113.1,38.6
2627,112.9,38.7
2628,113,38.7
2629,113,38.7
2630,113.1,38.7
2631,113.2,38.7
2632,113.4,38.6
2633,113.1,38.7
2634,113,38.7
2635,113,38.6
2636,112.9,38.5
2637,112.8,38.4
2638,113,38.4
2639,113.1,38
2640,113.3,38.2
2641,113.3,38.2
2642,113.3,38.4
2643,113.3,38.4
2644,113.3,38.5
2645,113.3,38.6
2646,113.3,38.7
2647,113.3,38.6
2648,113.1,38.5
2649,113.4,38.7
2650,113.6,38.7
2651,113.6,38.8
2652,113.4,38.8
2653,113.2,39
2654,113.2,38.9
2655,113.2,38.9
2656,113.2,38.9
2657,113.2,38.8
2658,113.2,38.8
2659,113,38.9
2660,112.8,39
2661,112.8,39
2662,112.7,38.9
2663,112.2,38.7
2664,111.9,38.7
2665,112,38.6
2666,112.5,38.8
2667,112.6,38.8
2668,112.7,38.8
2669,112.8,38.8
2670,112.6,38.7
2671,112.1,38.6
2672,112,38.5
2673,112.7,38.7
2674,112.7,38.7
2675,112.7,38.8
2676,112.8,38.8
2677,112.9,38.7
2678,112.8,38.8
2679,112.7,38.8
2680,113,38.7
2681,113.2,38.7
2682,113.3,38.8
2683,113.4,38.8
2684,113.5,38.8
2685,113.6,38.7
2686,113.8,38.6
2687,113.8,38.7
2688,113.7,38.7
2689,113.6,38.6
2690,113.3,38.8
2691,113.2,38.7
2692,113.2,38.8
2693,113.4,38.8
2694,113.5,38.7
2695,113.4,38.7
2696,113.2,38.7
2697,113.5,38.7
2698,113.4,38.7
2699,113.4,38.8
2700,113.4,38.7
2701,113.5,38.9
2702,113.5,38.8
2703,113.4,38.9
2704,113.1,38.7
2705,112.7,38.7
2706,113,38.6
2707,113.3,38.7
2708,113.1,38.8
2709,113.1,38.8
2710,113.2,38.8
2711,113,38.8
2712,113,38.6
2713,113.3,38.6
2714,113.4,38.3
2715,113.4,38.4
2716,113.2,38.6
2717,113,38.6
2718,112.8,38.5
2719,112.9,38.6
2720,112.9,38.6
2721,112.9,38.4
2722,112.9,38.5
2723,112.9,38.5
2724,112.9,38.6
2725,112.9,38.7
2726,112.9,38.8
2727,112.9,38.8
2728,112.9,38.8
2729,112.9,38.8
2730,112.9,38.8
2731,112.8,38.8
2732,112.5,38.9
2733,112.8,38.8
2734,113,38.8
2735,113,38.7
2736,113,38.8
2737,112.9,38.9
2738,112.7,38.8
2739,112.8,38.8
2740,112.8,38.9
2741,112.8,38.8
2742,112.7,38.7
2743,112.4,38.6
2744,112.4,38.5
2745,112.4,38.6
2746,112.6,38.6
2747,112.7,38.7
2748,112.8,38.7
2749,112.7,38.6
2750,112.7,38.7
2751,112.7,38.8
2752,112,39
2753,112,39
2754,111.8,39
2755,111.8,39
2756,112,38.9
2757,112,38.8
2758,112,38.7
2759,112.2,38.7
2760,112.3,38.8
2761,112.4,38.9
2762,112.4,38.9
2763,112.5,38.9
2764,112.6,39
2765,112.6,38.9
2766,112.9,38.9
2767,112.9,38.7
2768,112.9,38.7
2769,112.9,38.7
2770,112.8,38.7
2771,112.7,38.6
2772,112.8,38.5
2773,113,38.7
2774,113.1,38.8
2775,112.9,38.8
2776,112.9,38.9
2777,112.8,38.8
2778,112.9,38.9
2779,113.1,38.8
2780,113.1,38.9
2781,113.2,39
2782,113.4,39
2783,113.4,39.1
2784,113.3,39.1
2785,113.1,39.2
2786,113,39
2787,113.2,38.9
2788,113.1,38.8
2789,113.2,38.7
2790,113.5,38.4
2791,113.4,38.4
2792,113.4,38.3
2793,112.9,38.4
2794,112.8,38.4
2795,112.8,38.6
2796,112.9,38.8
2797,112.8,38.9
2798,112.7,38.9
2799,112.7,38.9
2800,112.5,38.7
2801,112.6,38.7
2802,112.4,38.6
2803,112.8,38.6
2804,112.9,38.7
2805,112.8,38.7
2806,112.9,38.9
2807,113.3,39
2808,113.3,39
2809,113.1,38.9
2810,112.9,38.9
2811,112.9,38.9
2812,112.7,38.9
2813,112.5,38.8
2814,112.8,38.8
2815,112.9,38.7
2816,113.2,38.7
2817,113.1,38.7
2818,112.9,38.6
2819,112.8,38.6
2820,112.8,38.6
2821,112.6,38.5
2822,112.6,38.6
2823,112.6,38.7
2824,112.4,38.7
2825,112.4,38.7
2826,112.5,38.7
2827,112.6,38.7
2828,112.9,38.6
2829,112.9,38.6
2830,112.9,38.6
2831,113.1,38.7
2832,113.3,38.8
2833,113.2,38.8
2834,113.3,38.9
2835,113.3,39
2836,113.2,39.1
2837,112.7,38.9
2838,112.6,38.6
2839,112.8,38.5
2840,112.8,38.4
2841,112.2,38.3
2842,112.4,38
2843,112.4,38
2844,112.4,38.2
2845,112.6,38.4
2846,112.5,38.5
2847,112.6,38.4
2848,112.5,38.4
2849,112.6,38.4
2850,112.5,38.5
2851,112.7,38.3
2852,112.9,38.4
2853,112.8,38.5
2854,113,38.6
2855,112.9,38.8
2856,112.8,38.9
2857,112.7,39
2858,112.8,38.8
2859,112.9,38.5
2860,112.6,38.4
2861,112.9,38.3
2862,113.2,38
2863,113.2,38
2864,113.3,38.1
2865,113.1,38.2
2866,112.9,38.3
2867,112.8,38.4
2868,112.7,38.5
2869,112.6,38.6
2870,112.8,38.5
2871,112.9,38.3
2872,113,38.5
2873,113,38.6
2874,112.7,38.7
2875,113.1,38.7
2876,113.4,38.5
2877,113.6,38.4
2878,113.6,38.3
2879,113.5,38.4
2880,113.5,38.5
2881,113.4,38.6
2882,113.4,38.8
2883,113.5,38.7
2884,113.4,38.8
2885,113.1,38.9
2886,113,38.7
2887,112.9,38.6
2888,113.1,38.5
2889,113.3,38.6
2890,113.2,38.6
2891,113.2,38.6
2892,113,38.7
2893,113,38.8
2894,113,38.9
2895,113,38.9
2896,112.6,39
2897,112.6,39
2898,112.5,39
2899,112.9,38.9
2900,112.8,38.8
2901,112.7,38.8
2902,112.7,38.8
2903,112.6,38.7
2904,112.7,38.8
2905,112.6,38.7
2906,112.8,38.7
2907,112.9,38.8
2908,112.7,38.8
2909,112.6,38.9
2910,112.5,38.9
2911,112.6,38.9
2912,112.6,39
2913,112.6,39.1
2914,112.6,39.1
2915,112.7,39.1
2916,112.5,39.1
2917,112.4,39
2918,112.4,39
2919,112.2,39
2920,112.3,38.9
2921,112.4,38.9
2922,112.3,39
2923,113,38.8
2924,112.9,38.9
2925,113.1,39
2926,113.2,39.2
2927,112.7,39.1
2928,112.7,39.1
2929,112.6,39.1
2930,112.9,39.1
2931,112.9,39
2932,112.8,39
2933,112.8,38.9
2934,112.9,39
2935,112.8,38.9
2936,112.4,38.8
2937,112.8,39
2938,113,39
2939,113,39
2940,112.9,39.3
2941,113,39.3
2942,113,39.2
2943,113.1,39.1
2944,113.1,39.1
2945,112.9,39.1
2946,113,39.1
2947,113.2,38.9
2948,113.2,38.9
2949,113.4,38.8
2950,113.6,38.6
2951,113.6,38.6
2952,113,38.6
2953,113,38.7
2954,113.4,38.6
2955,113.4,38.5
2956,113.1,38.5
2957,112.7,38.6
2958,112.3,38.8
2959,112.2,38.7
2960,112.3,38.8
2961,112.2,38.9
2962,112.4,39
2963,112.7,39
2964,112.9,39
2965,113,39
2966,113.2,39.1
2967,112.6,39.2
2968,112.5,39.1
2969,112.9,39.1
2970,112.9,39
2971,112.5,38.8
2972,112.5,38.8
2973,112.7,38.9
2974,112.8,38.8
2975,112.9,38.8
2976,112.9,38.8
2977,112.9,38.9
2978,112.8,38.9
2979,112.7,38.9
2980,112.8,38.8
2981,112.7,39
2982,112.5,39
2983,112.6,39
2984,112.5,38.9
2985,112.7,38.9
2986,112.7,38.9
2987,112.6,38.8
2988,112.7,38.9
2989,112.8,38.9
2990,112.8,39
2991,113,39.1
2992,113.1,39.1
2993,113,39.2
2994,113.1,39.2
2995,113,39.1
2996,113,39.2
2997,113.2,39.2
2998,113,39.2
2999,113.1,39.2
3000,113.2,39.2
3001,113.2,39.3
3002,113.1,39.4
3003,113.3,39.4
3004,113.3,39.4
3005,113,39.3
3006,113,39.2
3007,113,39.3
3008,113.1,39.3
3009,113,39.3
3010,112.9,39.3
3011,113,39.3
3012,113,39.3
3013,113,39.3
3014,112.9,39.2
3015,112.9,39.2
3016,112.9,39.2
3017,112.8,39.2
3018,112.9,39.2
3019,113.1,39.3
3020,113,39.3
3021,112.9,39.2
3022,113.2,38.9
3023,113.2,38.9
3024,113,38.9
3025,112.9,39
3026,113.1,39.2
