Sample No.	Unexpired Source	Unexpired Sink
0	21.7	21.7
1	21.7	21.7
2	21.7	21.7
3	21.7	21.7
4	21.7	21.7
5	21.6	21.7
6	21.7	21.8
7	21.7	21.7
8	21.7	21.7
9	21.7	21.7
10	21.7	21.8
11	21.8	21.8
12	21.8	21.8
13	21.9	21.8
14	22	21.7
15	22.1	21.8
16	22.1	21.8
17	22.1	21.7
18	22.4	21.8
19	22.5	21.9
20	22.5	21.9
21	22.7	21.9
22	22.8	21.9
23	22.9	22
24	23	22
25	23.1	22.1
26	23.2	22.1
27	23.4	22.1
28	23.5	22.2
29	23.6	22.2
30	23.7	22.3
31	23.9	22.2
32	24	22.3
33	24.1	22.3
34	24.2	22.4
35	24.4	22.5
36	24.5	22.5
37	24.5	22.6
38	24.7	22.7
39	24.8	22.8
40	25	22.8
41	25.1	22.9
42	25.2	22.9
43	25.3	23
44	25.5	23
45	25.6	23.2
46	25.6	23.2
47	25.8	23.3
48	25.9	23.4
49	26	23.4
50	26.1	23.4
51	26.3	23.6
52	26.4	23.7
53	26.5	23.7
54	26.6	23.8
55	26.7	23.9
56	26.8	24
57	27	24.1
58	27.1	24.1
59	27.2	24.2
60	27.4	24.2
61	27.4	24.4
62	27.5	24.4
63	27.6	24.5
64	27.8	24.6
65	27.9	24.6
66	27.9	24.7
67	28.1	24.8
68	28.2	24.9
69	28.3	24.9
70	28.5	25
71	28.6	25
72	28.7	25.2
73	28.8	25.3
74	28.9	25.4
75	29.1	25.4
76	29.2	25.5
77	29.2	25.6
78	29.4	25.7
79	29.5	25.7
80	29.7	25.8
81	29.7	25.9
82	29.8	26
83	30	26.1
84	30.1	26.1
85	30.2	26.2
86	30.3	26.3
87	30.4	26.4
88	30.5	26.5
89	30.7	26.6
90	30.7	26.7
91	30.8	26.7
92	31	26.8
93	31.1	26.9
94	31.1	27
95	31.3	27.1
96	31.4	27.2
97	31.5	27.3
98	31.6	27.4
99	31.7	27.5
100	31.8	27.5
101	31.8	27.6
102	32.1	27.8
103	32.1	27.8
104	32.2	27.8
105	32.3	28
106	32.4	28
107	32.5	28.1
108	32.7	28.2
109	32.7	28.4
110	32.8	28.4
111	33	28.5
112	33.1	28.6
113	33.1	28.5
114	33.3	28.6
115	33.4	28.7
116	33.5	28.8
117	33.6	28.9
118	33.7	29
119	33.7	29
120	33.9	29.1
121	34	29.2
122	34.1	29.3
123	34.2	29.4
124	34.4	29.4
125	34.4	29.6
126	34.5	29.6
127	34.6	29.7
128	34.7	29.8
129	34.8	29.9
130	34.8	29.9
131	35	30.1
132	35	30.1
133	35.1	30.1
134	35.3	30.3
135	35.4	30.4
136	35.5	30.5
137	35.5	30.5
138	35.7	30.6
139	35.8	30.7
140	35.8	30.7
141	36	31
142	36.1	31
143	36.2	31
144	36.3	31.3
145	36.4	31.3
146	36.5	31.4
147	36.6	31.5
148	36.6	31.6
149	36.7	31.6
150	36.7	31.7
151	36.9	31.7
152	37	31.9
153	37.1	31.9
154	37.2	32
155	37.3	32.1
156	37.4	32.1
157	37.5	32.3
158	37.5	32.3
159	37.6	32.3
160	37.8	32.5
161	37.8	32.6
162	38	32.6
163	38	32.7
164	38.2	32.8
165	38.2	32.9
166	38.3	32.9
167	38.3	33
168	38.3	33
169	38.4	33.1
170	38.5	33.3
171	38.6	33.4
172	38.7	33.5
173	38.8	33.6
174	38.9	33.7
175	39	33.8
176	39.2	33.9
177	39.2	33.9
178	39.3	34
179	39.5	34.1
180	39.5	34.2
181	39.6	34.2
182	39.7	34.3
183	39.9	34.4
184	39.9	34.5
185	40	34.5
186	40.1	34.6
187	40.2	34.7
188	40.3	34.8
189	40.4	34.9
190	40.5	34.9
191	40.6	34.9
192	40.7	35.1
193	40.8	35.1
194	40.8	35.1
195	40.9	35.2
196	41	35.3
197	41	35.4
198	41.2	35.4
199	41.2	35.5
200	41.3	35.6
201	41.3	35.6
202	41.5	35.7
203	41.5	35.8
204	41.7	35.8
205	41.7	36
206	41.8	36
207	41.9	36
208	42	36.2
209	42.1	36.2
210	42.1	36.3
211	42.3	36.4
212	42.3	36.5
213	42.4	36.5
214	42.6	36.6
215	42.6	36.7
216	42.7	36.8
217	42.8	36.9
218	42.9	37
219	43	37
220	43.1	37.1
221	43.1	37.3
222	43.1	37.3
223	43.1	37.3
224	43.3	37.3
225	43.4	37.4
226	43.5	37.3
227	43.7	37.3
228	43.8	37.5
229	43.8	37.5
230	43.9	37.5
231	44	37.8
232	44.1	37.8
233	44.1	37.9
234	44.2	38.1
235	44.3	38.2
236	44.3	38.2
237	44.4	38.2
238	44.5	38.3
239	44.6	38.3
240	44.7	38.5
241	44.8	38.5
242	44.8	38.6
243	45	38.8
244	44.9	38.8
245	45.1	38.9
246	45	38.9
247	45.1	39.1
248	45.3	39.1
249	45.3	39.2
250	45.5	39.3
251	45.5	39.3
252	45.6	39.3
253	45.7	39.3
254	45.7	39.4
255	45.9	39.5
256	46	39.5
257	46	39.7
258	46	39.7
259	46.2	39.7
260	46.4	39.9
261	46.5	39.9
262	46.5	39.9
263	46.6	40.1
264	46.7	40.1
265	46.7	40.1
266	46.9	40
267	46.9	40.2
268	46.9	40.3
269	47	40.4
270	47.1	40.5
271	47.2	40.5
272	47.2	40.6
273	47.2	40.6
274	47.4	40.8
275	47.5	40.8
276	47.6	40.8
277	47.7	40.9
278	47.7	41
279	47.8	41.1
280	47.8	41.1
281	47.9	41.2
282	47.9	41.2
283	47.9	41.3
284	48	41.4
285	48	41.4
286	48.1	41.5
287	48.2	41.6
288	48.3	41.6
289	48.4	41.7
290	48.5	41.8
291	48.5	41.8
292	48.6	41.9
293	48.7	41.9
294	48.7	42.1
295	48.8	42.2
296	48.8	42.2
297	48.8	42.2
298	49	42.4
299	48.9	42.5
300	49.1	42.5
301	49.2	42.6
302	49.3	42.5
303	49.4	42.6
304	49.5	42.6
305	49.6	42.7
306	49.6	42.7
307	49.7	42.8
308	49.7	42.9
309	49.7	42.9
310	49.7	43
311	49.8	43
312	49.9	43.1
313	50	43.1
314	50	43.2
315	50.1	43.3
316	50.1	43.4
317	50.1	43.2
318	50.2	43.3
319	50.3	43.4
320	50.4	43.5
321	50.5	43.7
322	50.6	43.8
323	50.6	43.9
324	50.8	43.9
325	50.9	44
326	50.9	44
327	51	44.1
328	51.1	44.3
329	51.1	44.3
330	51.2	44.3
331	51.3	44.4
332	51.3	44.5
333	51.3	44.5
334	51.4	44.5
335	51.5	44.5
336	51.5	44.5
337	51.5	44.4
338	51.6	44.5
339	51.6	44.5
340	51.7	44.4
341	51.8	44.5
342	51.9	44.6
343	51.9	44.7
344	51.9	44.8
345	52.1	44.9
346	52.2	45
347	52.3	45.1
348	52.4	45.1
349	52.4	45.2
350	52.4	45.3
351	52.5	45.3
352	52.6	45.3
353	52.6	45.4
354	52.6	45.4
355	52.7	45.4
356	52.7	45.4
357	52.8	45.5
358	52.9	45.6
359	52.9	45.6
360	53	45.7
361	53.1	45.8
362	53.1	46
363	53.2	46
364	53.3	46.1
365	53.4	46.1
366	53.4	46.3
367	53.5	46.3
368	53.6	46.4
369	53.7	46.5
370	53.7	46.5
371	53.8	46.6
372	53.9	46.6
373	53.9	46.7
374	54	46.8
375	54	46.9
376	54.1	46.9
377	54.1	47
378	54.1	47
379	54.2	47.1
380	54.3	47.1
381	54.4	47.1
382	54.5	47.1
383	54.5	47.2
384	54.6	47.2
385	54.7	47.1
386	54.7	47.2
387	54.7	47.2
388	54.7	47.3
389	54.8	47.4
390	54.8	47.4
391	54.9	47.4
392	55	47.5
393	55	47.6
394	55.1	47.6
395	55.1	47.7
396	55.1	47.8
397	55.1	47.8
398	55.1	47.9
399	55.2	47.9
400	55.3	48
401	55.4	48
402	55.5	48
403	55.5	48.2
404	55.6	48.2
405	55.7	48.2
406	55.8	48.2
407	55.8	48.2
408	56	48.3
409	56	48.3
410	56	48.4
411	56	48.4
412	56.1	48.4
413	56.1	48.4
414	56.3	48.5
415	56.3	48.5
416	56.3	48.6
417	56.4	48.7
418	56.5	48.7
419	56.5	48.7
420	56.5	48.8
421	56.5	48.9
422	56.7	49
423	56.8	49
424	57	49.2
425	57	49.3
426	57	49.3
427	57.1	49.4
428	57.1	49.5
429	57.2	49.5
430	57.2	49.6
431	57.3	49.7
432	57.4	49.7
433	57.4	49.8
434	57.5	49.9
435	57.6	50
436	57.7	50.1
437	57.8	50.2
438	57.8	50.3
439	57.8	50.2
440	57.9	50.2
441	57.9	50.2
442	58	50.3
443	58.1	50.4
444	58.1	50.4
445	58.2	50.4
446	58.2	50.6
447	58.3	50.6
448	58.5	50.7
449	58.6	50.7
450	58.6	50.8
451	58.5	50.8
452	58.6	50.7
453	58.5	50.6
454	58.6	50.6
455	58.6	50.6
456	58.7	50.7
457	58.8	50.7
458	58.8	50.6
459	58.8	50.7
460	58.8	50.7
461	58.9	50.7
462	59	50.8
463	59	50.8
464	58.9	50.8
465	59	50.9
466	59.1	50.9
467	59.1	50.9
468	59.1	51
469	59.3	51
470	59.3	51.1
471	59.3	51
472	59.5	51.3
473	59.5	51.4
474	59.5	51.4
475	59.6	51.5
476	59.7	51.6
477	59.7	51.7
478	59.7	51.7
479	59.8	51.7
480	59.8	51.7
481	59.9	51.7
482	59.9	51.7
483	59.9	51.8
484	59.9	51.7
485	59.9	51.8
486	60	51.8
487	60.1	51.9
488	60.2	52
489	60.2	52.1
490	60.2	52.2
491	60.3	52.2
492	60.3	52.2
493	60.4	52.2
494	60.5	52.3
495	60.4	52.3
496	60.5	52.4
497	60.5	52.5
498	60.5	52.5
499	60.7	52.6
500	60.7	52.5
501	60.8	52.6
502	60.8	52.6
503	60.8	52.7
504	60.8	52.8
505	60.9	52.8
506	61	52.8
507	61.1	52.9
508	61.2	52.9
509	61.1	52.9
510	61.2	53.1
511	61.3	53.1
512	61.3	53.2
513	61.3	53.3
514	61.4	53.3
515	61.5	53.3
516	61.5	53.3
517	61.5	53.5
518	61.5	53.5
519	61.6	53.5
520	61.7	53.6
521	61.7	53.6
522	61.8	53.6
523	61.8	53.6
524	61.9	53.7
525	61.9	53.7
526	61.9	53.8
527	62.1	53.8
528	62	53.9
529	62.1	53.9
530	62.1	54
531	62.2	54
532	62.2	54.1
533	62.2	54.1
534	62.2	54.2
535	62.3	54.2
536	62.3	54.3
537	62.2	54.3
538	62.2	54.3
539	62.3	54.4
540	62.4	54.4
541	62.4	54.5
542	62.5	54.6
543	62.5	54.7
544	62.6	54.7
545	62.6	54.8
546	62.6	54.8
547	62.7	54.8
548	62.7	54.9
549	62.7	54.8
550	62.7	54.6
551	62.7	54.5
552	62.8	54.7
553	62.9	54.8
554	62.9	54.7
555	62.9	54.8
556	63	54.9
557	63	55
558	63.2	55
559	63.3	55
560	63.3	55
561	63.4	55.1
562	63.4	55.2
563	63.4	55.2
564	63.4	55.3
565	63.4	55.4
566	63.4	55.4
567	63.5	55.3
568	63.6	55.3
569	63.7	55.3
570	63.7	55.3
571	63.9	55.3
572	64	55.4
573	63.9	55.4
574	64	55.4
575	64.1	55.4
576	64.1	55.4
577	64.1	55.4
578	64.2	55.5
579	64.2	55.6
580	64.2	55.7
581	64.3	55.7
582	64.3	55.8
583	64.4	55.8
584	64.4	55.8
585	64.6	55.9
586	64.6	55.9
587	64.6	56
588	64.6	56.1
589	64.7	56.2
590	64.7	56.2
591	64.8	56.3
592	64.8	56.4
593	64.8	56.5
594	64.8	56.5
595	64.9	56.4
596	64.9	56.5
597	65	56.5
598	65	56.7
599	65	56.7
600	65.1	56.7
601	65.1	56.7
602	65	56.6
603	65	56.5
604	65	56.4
605	65.1	56.6
606	65.2	56.5
607	65.3	56.5
608	65.3	56.6
609	65.4	56.8
610	65.5	56.9
611	65.6	57
612	65.3	57.1
613	65.3	57.2
614	65.4	57.2
615	65.5	57.2
616	65.6	57.3
617	65.7	57.3
618	65.7	57.3
619	65.8	57.4
620	65.8	57.4
621	65.8	57.4
622	65.9	57.4
623	66	57.4
624	66	57.4
625	66.1	57.5
626	66.1	57.6
627	66.1	57.6
628	66.1	57.6
629	66.2	57.6
630	66.2	57.7
631	66.3	57.7
632	66.4	57.8
633	66.4	57.8
634	66.5	57.9
635	66.6	57.9
636	66.6	57.9
637	66.6	57.9
638	66.6	58
639	66.7	58.1
640	66.7	57.8
641	66.8	57.8
642	66.7	57.9
643	66.8	57.9
644	66.7	57.9
645	66.7	57.9
646	66.7	57.9
647	66.7	58
648	66.7	58
649	66.9	58.1
650	67	57.9
651	67.1	57.7
652	67.2	57.9
653	67.2	58.1
654	67.2	58.2
655	67.2	58.3
656	67.3	58.2
657	67.3	58.1
658	67.3	58.2
659	67.3	58.1
660	67.4	58.2
661	67.4	58.3
662	67.4	58.4
663	67.5	58.4
664	67.5	58.4
665	67.4	58.5
666	67.6	58.6
667	67.5	58.7
668	67.5	58.8
669	67.5	58.8
670	67.6	58.7
671	67.6	58.8
672	67.7	58.8
673	67.7	58.9
674	67.7	58.6
675	67.7	58.7
676	67.8	58.9
677	67.8	58.8
678	67.8	58.7
679	67.9	58.8
680	68	59
681	68	59
682	68.1	59
683	68.1	58.9
684	68.1	59
685	68.2	59.1
686	68.3	59.1
687	68.2	59
688	68.3	59.2
689	68.3	59.2
690	68.4	59.4
691	68.6	59.5
692	68.5	59.5
693	68.6	59.6
694	68.5	59.7
695	68.7	59.8
696	68.6	59.8
697	68.6	59.8
698	68.6	59.8
699	68.6	59.8
700	68.7	59.7
701	68.7	59.8
702	68.7	59.8
703	68.7	59.8
704	68.7	60
705	68.7	60
706	68.7	59.9
707	68.9	59.9
708	68.9	59.9
709	68.9	59.9
710	68.9	60
711	68.9	60.1
712	68.9	60.1
713	69	60.1
714	69	60.2
715	68.9	60.3
716	68.9	60.2
717	68.9	60.3
718	69	60.2
719	68.9	60.3
720	68.9	60.4
721	69	60.5
722	69	60.5
723	69	60.6
724	69	60.6
725	69.1	60.7
726	69.2	60.8
727	69.2	60.8
728	69.3	60.8
729	69.3	60.9
730	69.4	61
731	69.4	61
732	69.4	61
733	69.5	61.1
734	69.6	61.2
735	69.6	61.3
736	69.6	61.3
737	69.6	61.2
738	69.7	61.3
739	69.7	61.3
740	69.8	61.3
741	69.8	61.3
742	70	61.2
743	70	61.1
744	70	61.2
745	70	61.2
746	70	61.1
747	70.1	61.1
748	70.1	61.1
749	70	61.2
750	70	61.2
751	70.1	61.3
752	70.1	61.2
753	70.1	61.1
754	70.2	61.1
755	70.2	61.2
756	70.3	61.1
757	70.3	61.2
758	70.4	61.2
759	70.4	61.2
760	70.5	61.1
761	70.5	61.2
762	70.5	61.2
763	70.5	61.3
764	70.6	61.3
765	70.6	61.4
766	70.5	61.4
767	70.6	61.4
768	70.5	61.4
769	70.5	61.5
770	70.7	61.6
771	70.7	61.7
772	70.7	61.7
773	70.8	61.8
774	70.8	61.9
775	70.9	61.9
776	70.9	61.9
777	70.9	61.9
778	70.9	61.9
779	70.9	61.8
780	70.9	62
781	70.9	61.8
782	70.9	61.9
783	71	62
784	71.1	61.8
785	71.1	61.9
786	71.2	61.9
787	71.2	61.8
788	71.3	61.9
789	71.3	61.9
790	71.3	62.1
791	71.3	62.1
792	71.3	62.2
793	71.3	62.3
794	71.3	62.3
795	71.3	62.4
796	71.4	62.4
797	71.5	62.4
798	71.5	62.4
799	71.6	62.4
800	71.6	62.5
801	71.6	62.6
802	71.6	62.5
803	71.6	62.6
804	71.6	62.7
805	71.7	62.7
806	71.7	62.6
807	71.8	62.5
808	71.8	62.5
809	71.8	62.5
810	71.8	62.4
811	71.8	62.5
812	71.8	62.5
813	71.8	62.4
814	71.9	62.6
815	72	62.6
816	72	62.6
817	72	62.7
818	72.1	62.7
819	72	62.7
820	72.1	62.7
821	72.1	62.8
822	72.1	62.9
823	72.1	62.9
824	72.2	63
825	72.2	63
826	72.3	63.1
827	72.3	63.1
828	72.3	63.2
829	72.3	63.2
830	72.3	63.2
831	72.3	63.3
832	72.3	63.3
833	72.4	63.4
834	72.5	63.5
835	72.5	63.5
836	72.4	63.5
837	72.5	63.5
838	72.5	63.4
839	72.6	63.5
840	72.6	63.5
841	72.6	63.5
842	72.7	63.4
843	72.7	63.5
844	72.7	63.5
845	72.8	63.5
846	72.8	63.4
847	72.8	63.4
848	72.9	63.5
849	72.9	63.6
850	72.9	63.7
851	72.9	63.7
852	72.9	63.6
853	72.8	63.6
854	72.9	63.5
855	73	63.6
856	72.9	63.6
857	72.9	63.6
858	72.9	63.7
859	72.9	63.8
860	72.9	63.8
861	72.9	63.9
862	73	64
863	73	63.9
864	73.1	64
865	73.1	64
866	73.1	64
867	73.2	64.1
868	73.2	64.1
869	73.3	64.1
870	73.3	64
871	73.3	64
872	73.3	63.9
873	73.4	63.9
874	73.4	63.9
875	73.4	63.8
876	73.5	63.9
877	73.5	64
878	73.6	64
879	73.5	64.1
880	73.6	64.1
881	73.6	64.2
882	73.7	64.2
883	73.7	64.3
884	73.7	64.3
885	73.8	64.3
886	73.8	64.3
887	73.9	64.4
888	73.8	64.4
889	73.9	64.5
890	73.9	64.5
891	73.9	64.5
892	73.9	64.6
893	73.8	64.7
894	73.9	64.8
895	73.9	64.7
896	74	64.8
897	74	64.7
898	74	64.7
899	74	64.6
900	74	64.7
901	74	64.7
902	74	64.7
903	74.1	64.7
904	74.1	64.8
905	74.2	64.8
906	74.3	64.8
907	74.3	64.9
908	74.4	64.9
909	74.4	65
910	74.4	65.1
911	74.4	65.1
912	74.5	65.1
913	74.6	65
914	74.6	65
915	74.6	65.1
916	74.6	65.1
917	74.4	65.2
918	74.6	65.2
919	74.6	65.3
920	74.6	65.5
921	74.6	65.4
922	74.6	65.4
923	74.6	65.3
924	74.7	65.3
925	74.7	65.4
926	74.8	65.4
927	74.9	65.6
928	74.9	65.5
929	74.8	65.6
930	74.8	65.2
931	74.9	65.3
932	75	65.3
933	74.9	65.3
934	74.9	65.4
935	74.9	65.4
936	74.9	65.3
937	74.9	65.4
938	75	65.4
939	74.9	65.4
940	74.9	65.5
941	74.9	65.5
942	75	65.4
943	75	65.4
944	75.1	65.3
945	75	65.4
946	75.1	65.5
947	75.1	65.5
948	75.2	65.4
949	75.2	65.3
950	75.2	65.3
951	75.2	65.3
952	75.3	65.4
953	75.4	65.4
954	75.5	65.5
955	75.5	65.4
956	75.5	65.2
957	75.3	65.2
958	75.5	65.4
959	75.5	65.5
960	75.5	65.6
961	75.6	65.7
962	75.7	65.7
963	75.8	65.7
964	75.8	65.8
965	75.8	65.9
966	75.8	66
967	75.9	66.1
968	75.8	66.2
969	75.9	66.2
970	75.9	66.3
971	75.9	66.2
972	75.9	66
973	75.9	66
974	75.9	65.9
975	76	65.9
976	76	65.9
977	76.1	65.9
978	76.1	65.9
979	76	66
980	76	66
981	76	66.1
982	76.1	66
983	76	66
984	76.1	66
985	76	66.1
986	76.1	66.1
987	76	65.9
988	76.1	66
989	75.9	66
990	76	66.1
991	76	66.1
992	75.9	66.1
993	75.9	66.1
994	75.9	66.1
995	76	66.1
996	76	66.2
997	76	66.2
998	76.1	66.3
999	76.2	66.3
1000	76.2	66.4
1001	76.2	66.4
1002	76.1	66.5
1003	76	66.3
1004	76.1	66.4
1005	76.2	66.4
1006	76.3	66.4
1007	76.3	66.4
1008	76.4	66.3
1009	76.4	66.4
1010	76.4	66.5
1011	76.5	66.5
1012	76.6	66.5
1013	76.5	66.7
1014	76.6	66.7
1015	76.6	66.6
1016	76.6	66.6
1017	76.5	66.7
1018	76.4	66.7
1019	76.5	66.7
1020	76.7	66.8
1021	76.8	66.7
1022	76.4	66.8
1023	76.2	66.9
1024	76.3	66.9
1025	76.4	66.8
1026	76.5	66.7
1027	76.6	66.7
1028	76.8	66.7
1029	76.8	66.7
1030	76.6	66.8
1031	76.6	66.9
1032	76.6	66.9
1033	76.8	66.8
1034	76.9	66.9
1035	76.9	67
1036	76.8	67
1037	76.7	67
1038	76.7	67
1039	76.6	67.1
1040	76.7	67.2
1041	76.7	67.2
1042	76.8	67.3
1043	76.9	67.3
1044	77.1	67
1045	77	67
1046	77	67
1047	77.1	66.9
1048	77.1	66.8
1049	77.1	66.9
1050	77	66.9
1051	77	66.9
1052	77.2	66.7
1053	77.3	66.7
1054	77.4	66.8
1055	77.3	66.8
1056	77.3	66.7
1057	77.2	66.8
1058	77.2	66.9
1059	77.2	67
1060	77.2	67
1061	77.2	66.9
1062	77.2	66.9
1063	77.2	67
1064	77.4	66.9
1065	77.4	66.9
1066	77.5	66.9
1067	77.4	66.9
1068	77.3	67.1
1069	77.3	67.1
1070	77.3	67.1
1071	77.4	67.2
1072	77.4	67.4
1073	77.4	67.5
1074	77.5	67.6
1075	77.5	67.7
1076	77.4	67.7
1077	77.4	67.7
1078	77.5	67.6
1079	77.6	67.6
1080	77.6	67.6
1081	77.4	67.7
1082	77.3	67.6
1083	77.2	67.8
1084	77.2	67.8
1085	77.2	67.8
1086	77.3	67.7
1087	77.4	67.7
1088	77.5	67.7
1089	77.5	67.7
1090	77.5	67.7
1091	77.7	67.7
1092	77.7	67.7
1093	77.8	67.7
1094	77.8	67.9
1095	77.8	67.9
1096	77.9	67.9
1097	77.9	68
1098	77.9	68.2
1099	77.9	68.1
1100	77.9	68.2
1101	78	68.2
1102	78	68.2
1103	77.9	68.1
1104	78	68
1105	78	68.1
1106	78	68.1
1107	78	68.1
1108	78	68.1
1109	78	68.1
1110	78.1	68.1
1111	78.2	68.1
1112	78.2	68.1
1113	78.2	68.2
1114	78.2	68.2
1115	78.2	68.2
1116	78.2	68.2
1117	78.2	68.2
1118	78.2	68
1119	78.1	67.9
1120	78.2	67.9
1121	78.2	67.9
1122	78.2	68.1
1123	78.2	68.2
1124	78.1	68.3
1125	78.4	68.4
1126	78.4	68.5
1127	78.3	68.7
1128	78.3	68.7
1129	78.2	68.6
1130	78.2	68.7
1131	78.3	68.7
1132	78.2	68.5
1133	78.2	68.5
1134	78.2	68.5
1135	78.3	68.4
1136	78.4	68.3
1137	78.3	68.3
1138	78.3	68.3
1139	78.3	68.3
1140	78.3	68.2
1141	78.3	68.1
1142	78.4	68.1
1143	78.4	68.1
1144	78.5	68.2
1145	78.6	68.2
1146	78.5	68.3
1147	78.5	68.4
1148	78.5	68.5
1149	78.4	68.7
1150	78.4	68.6
1151	78.4	68.6
1152	78.4	68.6
1153	78.5	68.7
1154	78.5	68.8
1155	78.5	68.8
1156	78.6	68.9
1157	78.6	68.9
1158	78.6	68.9
1159	78.5	69
1160	78.6	69.1
1161	78.6	69.2
1162	78.7	69.2
1163	78.7	69.4
1164	78.8	69.3
1165	78.8	69.4
1166	78.8	69.4
1167	78.9	69.3
1168	78.9	69.3
1169	79	69.2
1170	78.9	69.2
1171	78.8	69.1
1172	78.8	69
1173	78.9	68.8
1174	78.9	68.7
1175	79	68.8
1176	79	68.9
1177	79	68.9
1178	79	68.8
1179	79.1	68.8
1180	79.1	69
1181	79.2	69
1182	79.3	69
1183	79.3	69
1184	79.3	69.1
1185	79.3	69.2
1186	79.3	69.1
1187	79.3	69.2
1188	79.2	69.2
1189	79.1	69.3
1190	79.1	69.3
1191	79.1	69.2
1192	79.1	69.2
1193	79.1	69.2
1194	79.1	69.1
1195	79.2	69.1
1196	79.3	69.1
1197	79.3	69.3
1198	79.3	69.2
1199	79.3	69
1200	79.3	69.1
1201	79.2	68.9
1202	79.3	68.8
1203	79.3	68.8
1204	79.3	68.9
1205	79.3	69
1206	79.5	69.2
1207	79.7	69.3
1208	79.6	69.2
1209	79.7	69
1210	79.8	69.1
1211	80	69.4
1212	80	69.4
1213	79.9	69.5
1214	79.7	68.8
1215	79.8	69
1216	79.9	68.9
1217	79.9	69
1218	79.9	69.1
1219	79.9	69.3
1220	80	69.4
1221	80.1	69.6
1222	80.1	69.6
1223	80.2	69.7
1224	80.1	69.6
1225	80	69.5
1226	80	69.3
1227	80	69.2
1228	79.9	69.4
1229	79.9	69.5
1230	79.8	69.5
1231	79.8	69.5
1232	79.7	69.5
1233	79.7	69.5
1234	79.8	69.4
1235	79.8	69.5
1236	79.9	69.5
1237	79.9	69.5
1238	79.9	69.5
1239	79.8	69.5
1240	79.9	69.5
1241	79.9	69.6
1242	79.9	69.7
1243	80	69.7
1244	80	69.8
1245	80.2	69.8
1246	80.2	69.8
1247	80.1	69.8
1248	80.2	69.8
1249	80.2	69.7
1250	80.3	69.7
1251	80.3	69.7
1252	80.2	69.8
1253	80.2	69.8
1254	80.1	69.9
1255	80.1	70
1256	80.1	70
1257	80.1	70.1
1258	80.2	70.1
1259	80.2	69.9
1260	80.2	69.9
1261	80.1	69.9
1262	80.2	69.7
1263	80.2	69.6
1264	80.3	69.6
1265	80.1	69.7
1266	80	69.7
1267	79.8	69.6
1268	79.9	69.6
1269	80	69.6
1270	80	69.6
1271	80	69.6
1272	80.1	69.6
1273	80.1	69.6
1274	79.9	69.4
1275	80.1	69.5
1276	80.3	69.5
1277	80.3	69.5
1278	80.3	69.2
1279	80.4	69.5
1280	80.5	69.7
1281	80.5	69.8
1282	80.5	69.8
1283	80.6	69.8
1284	80.7	69.8
1285	80.7	70
1286	80.7	70.1
1287	80.7	70.1
1288	80.7	70.1
1289	80.7	70.1
1290	80.8	70.2
1291	80.7	70.2
1292	80.6	70.3
1293	80.6	70.3
1294	80.6	70.3
1295	80.5	70.3
1296	80.5	70.3
1297	80.5	70.4
1298	80.5	70.3
1299	80.5	70.3
1300	80.6	70.4
1301	80.6	70.4
1302	80.7	70.3
1303	80.8	70.5
1304	80.8	70.5
1305	80.8	70.4
1306	80.8	70.3
1307	80.8	70.3
1308	80.8	70.2
1309	80.8	70.2
1310	80.8	70.1
1311	80.8	70.1
1312	80.8	70.2
1313	80.9	70.2
1314	80.9	70.2
1315	81	70.2
1316	80.9	70.2
1317	81	70.3
1318	81	70.4
1319	81	70.4
1320	81.1	70.5
1321	81.3	70.4
1322	81.3	70.5
1323	81.2	70.5
1324	81.2	70.4
1325	81.1	70.5
1326	81.1	70.6
1327	81.3	70.4
1328	81.4	70.5
1329	81.3	70.6
1330	81.3	70.5
1331	81.3	70.6
1332	81.4	70.6
1333	81.4	70.7
1334	81.4	70.8
1335	81.4	70.9
1336	81.3	70.9
1337	81.3	70.7
1338	81.3	70.7
1339	81.3	70.7
1340	81.3	70.7
1341	81.4	70.6
1342	81.3	70.7
1343	81.2	70.8
1344	81.2	70.9
1345	81.2	70.9
1346	81.2	70.9
1347	81.3	70.9
1348	81.4	71
1349	81.3	71.1
1350	81.3	70.9
1351	81.2	70.7
1352	81.3	70.7
1353	81.2	70.8
1354	81.4	70.9
1355	81.4	71
1356	81.4	70.8
1357	81.5	70.9
1358	81.5	71
1359	81.5	71
1360	81.5	71.1
1361	81.5	71
1362	81.5	71
1363	81.4	71
1364	81.3	71
1365	81.3	70.9
1366	81.2	70.9
1367	81.3	71
1368	81.3	70.9
1369	81.3	70.8
1370	81.2	70.8
1371	81.3	71
1372	81.4	71.2
1373	81.5	71.3
1374	81.6	71.6
1375	81.6	71.6
1376	81.6	71.4
1377	81.3	71.3
1378	81.3	71.7
1379	81.4	71.9
1380	81.3	71.9
1381	81.3	71.5
1382	81.3	71.7
1383	81.3	71.8
1384	81.4	71.8
1385	81.3	71.5
1386	81.1	71.4
1387	81.3	71.3
1388	81.5	71.4
1389	81.5	71.3
1390	81.6	71.2
1391	81.7	71.3
1392	81.8	71.2
1393	81.7	71.3
1394	81.7	71.4
1395	81.6	71.5
1396	81.6	71.6
1397	81.5	71.6
1398	81.5	71.6
1399	81.5	71.6
1400	81.5	71.6
1401	81.6	71.6
1402	81.7	71.6
1403	81.7	71.5
1404	81.8	71.6
1405	81.8	71.6
1406	81.8	71.6
1407	81.8	71.6
1408	81.8	71.6
1409	81.9	71.6
1410	81.9	71.6
1411	81.9	71.7
1412	81.8	71.8
1413	81.9	71.7
1414	81.8	71.8
1415	81.9	71.8
1416	82	71.8
1417	81.9	71.8
1418	81.9	71.8
1419	81.8	71.8
1420	81.9	71.9
1421	81.8	71.8
1422	81.7	71.8
1423	81.7	71.8
1424	81.7	71.8
1425	81.6	71.7
1426	81.5	71.9
1427	81.5	71.8
1428	81.5	71.9
1429	81.5	71.9
1430	81.5	72
1431	81.5	71.8
1432	81.2	71.3
1433	81.2	71.3
1434	81.2	71.3
1435	81.1	71.2
1436	81.2	71
1437	81.5	71.1
1438	81.5	71.2
1439	81.8	71.3
1440	81.8	71.3
1441	81.7	71.4
1442	81.7	71.4
1443	81.8	71.6
1444	81.9	71.5
1445	81.9	71.5
1446	81.7	71.7
1447	81.8	71.7
1448	81.9	71.6
1449	81.9	71.5
1450	81.9	71.5
1451	82	71.5
1452	82	71.5
1453	82.1	71.5
1454	82.2	71.6
1455	82.1	71.6
1456	82.2	71.6
1457	82.2	71.6
1458	82.2	71.7
1459	82.2	71.7
1460	82.2	71.9
1461	82.2	71.8
1462	82.2	71.8
1463	82.3	71.7
1464	82.2	71.6
1465	82.3	71.5
1466	82.3	71.5
1467	82.5	71.6
1468	82.5	71.6
1469	82.5	71.7
1470	82.3	71.7
1471	82.4	71.8
1472	82.3	71.7
1473	82.3	71.7
1474	82.3	71.7
1475	82.3	71.6
1476	82.3	71.5
1477	82.4	71.5
1478	82.4	71.5
1479	82.4	71.6
1480	82.5	71.6
1481	82.4	71.6
1482	82.5	71.6
1483	82.5	71.6
1484	82.6	71.6
1485	82.5	71.6
1486	82.5	71.5
1487	82.5	71.6
1488	82.5	71.6
1489	82.5	71.6
1490	82.5	71.6
1491	82.5	71.6
1492	82.5	71.6
1493	82.5	71.6
1494	82.6	71.6
1495	82.6	71.6
1496	82.6	71.6
1497	82.7	71.6
1498	82.6	71.7
1499	82.7	71.7
1500	82.6	71.8
1501	82.7	71.8
1502	82.7	71.8
1503	82.7	71.8
1504	82.7	71.7
1505	82.7	71.8
1506	82.7	71.8
1507	82.7	71.8
1508	82.9	71.8
1509	82.8	71.7
1510	82.8	71.7
1511	82.7	71.7
1512	82.8	71.6
1513	82.9	71.7
1514	82.9	71.7
1515	82.9	71.9
1516	82.9	71.9
1517	82.8	72
1518	82.7	72.1
1519	82.7	72.3
1520	82.8	72.3
1521	82.9	72.2
1522	83	72
1523	83	71.9
1524	83	71.9
1525	83	71.7
1526	82.8	71.7
1527	82.8	71.7
1528	82.9	71.8
1529	82.8	71.8
1530	82.8	71.9
1531	82.8	72
1532	82.8	72
1533	82.9	72
1534	82.9	72.1
1535	83.1	72
1536	83.1	71.8
1537	82.9	71.7
1538	82.9	71.6
1539	83	71.4
1540	83	71.5
1541	83.1	71.7
1542	83	71.7
1543	82.9	72.1
1544	82.9	72.2
1545	82.8	72.3
1546	82.7	72.6
1547	82.8	72.6
1548	82.9	72.6
1549	83	72.6
1550	83	72.6
1551	83.1	72.6
1552	83.1	72.6
1553	83.1	72.6
1554	83.1	72.7
1555	83.2	72.7
1556	83.1	72.6
1557	83.1	72.6
1558	83.1	72.6
1559	83	72.6
1560	83	72.7
1561	83	72.7
1562	83.1	72.7
1563	83.3	72.7
1564	83.2	72.7
1565	83.3	72.8
1566	83.4	72.8
1567	83.3	72.8
1568	83.3	72.8
1569	83.3	72.8
1570	83.4	72.8
1571	83.3	72.7
1572	83.4	72.7
1573	83.4	72.7
1574	83.4	72.6
1575	83.2	72.6
1576	83.2	72.8
1577	83.2	72.8
1578	83.2	72.8
1579	83.3	72.6
1580	83.3	72.6
1581	83.2	72.6
1582	83.2	72.8
1583	83.3	72.8
1584	83.3	72.9
1585	83.3	72.8
1586	83.3	72.9
1587	83.4	72.8
1588	83.4	72.8
1589	83.4	72.8
1590	83.5	72.8
1591	83.3	72.8
1592	83.3	72.8
1593	83.2	72.8
1594	83.3	72.8
1595	83.3	72.9
1596	83.4	72.9
1597	83.4	72.9
1598	83.2	73
1599	83.2	72.9
1600	83.1	72.9
1601	83.2	73
1602	83.2	73
1603	83.1	73.1
1604	83.3	73.1
1605	83.1	73
1606	83.4	73
1607	83.4	72.9
1608	83.3	73
1609	83.3	72.9
1610	83.2	73.1
1611	83.3	73.2
1612	83.3	73.2
1613	83.4	73.2
1614	83.5	73.3
1615	83.5	73.4
1616	83.5	73.4
1617	83.6	73.4
1618	83.6	73.6
1619	83.7	73.5
1620	83.8	73.3
1621	83.8	73.2
1622	83.9	72.4
1623	83.9	72.3
1624	83.7	72.3
1625	83.7	72.2
1626	83.7	71.9
1627	83.7	71.7
1628	83.7	71.9
1629	83.8	72.2
1630	83.7	72.4
1631	83.7	72.4
1632	83.7	72.3
1633	83.7	72.3
1634	83.7	72.5
1635	83.7	72.8
1636	83.7	72.9
1637	83.6	72.9
1638	83.6	72.9
1639	83.6	72.9
1640	83.7	72.9
1641	83.7	72.9
1642	83.7	73
1643	83.7	73
1644	83.7	72.9
1645	83.7	73
1646	83.7	73
1647	83.8	73
1648	83.7	73.1
1649	83.8	73
1650	83.7	73.1
1651	83.8	73.1
1652	83.7	73.2
1653	83.8	73.2
1654	83.8	73.3
1655	84	73.1
1656	83.9	73.1
1657	83.8	73
1658	83.7	73.2
1659	83.7	73.2
1660	83.8	73.2
1661	83.8	73.2
1662	83.6	73.1
1663	83.7	73.1
1664	83.8	73
1665	83.7	72.9
1666	83.8	73
1667	83.9	73
1668	84	72.8
1669	83.8	72.6
1670	83.7	72.9
1671	83.5	73.2
1672	83.6	73.4
1673	83.6	73.5
1674	83.6	73.5
1675	83.7	73.6
1676	83.8	73.6
1677	83.8	73.5
1678	83.9	73.6
1679	83.9	73.7
1680	83.9	73.7
1681	84	73.6
1682	84	73.5
1683	84	73.5
1684	84	73.5
1685	84	73.4
1686	84	73.3
1687	84.1	73.2
1688	84	73.1
1689	84.1	73.1
1690	83.6	72.1
1691	83.3	71.9
1692	83.2	72.1
1693	83.3	72.4
1694	83.4	72.5
1695	83.5	72.2
1696	83.5	72.1
1697	83.7	72.3
1698	83.7	72.6
1699	83.9	72.8
1700	84	73
1701	84.1	73.2
1702	84.1	73.3
1703	84.1	73.4
1704	84.1	73.6
1705	84	73.7
1706	84	73.6
1707	83.9	73.5
1708	83.9	73.5
1709	84	73.5
1710	84	73.3
1711	84	73.2
1712	84	73.1
1713	84	73.2
1714	84	73.3
1715	84.1	73.4
1716	84.1	73.3
1717	84.1	73.3
1718	84.2	73.1
1719	84.3	73
1720	84.2	72.9
1721	84.2	72.8
1722	84.3	72.8
1723	84.2	72.7
1724	84	72.7
1725	83.9	72.8
1726	83.9	72.9
1727	83.8	73
1728	83.9	72.8
1729	83.9	72.8
1730	84	72.8
1731	84.1	72.8
1732	84.1	72.8
1733	84.2	72.9
1734	84.3	73
1735	84.3	73
1736	84.3	73.2
1737	84.3	73.2
1738	84.3	73.1
1739	84.3	73.1
1740	84.3	73.2
1741	84.2	73.2
1742	84.2	73.1
1743	84.3	73
1744	84.3	73
1745	84.2	72.9
1746	84.2	72.9
1747	84.4	72.9
1748	84.4	73.1
1749	84.5	73.2
1750	84.6	73.2
1751	84.6	73.3
1752	84.6	73.5
1753	84.6	73.6
1754	84.6	73.5
1755	84.7	73.6
1756	84.6	73.6
1757	84.6	73.6
1758	84.4	73.6
1759	84.4	73.7
1760	84.4	73.8
1761	84.4	73.7
1762	84.5	73.8
1763	84.4	73.8
1764	84.4	73.8
1765	84.5	73.8
1766	84.5	73.7
1767	84.6	73.8
1768	84.8	73.8
1769	84.8	73.8
1770	84.8	73.9
1771	84.7	73.8
1772	84.7	73.9
1773	84.8	73.9
1774	84.7	73.9
1775	84.6	74
1776	84.7	74
1777	84.6	74
1778	84.5	74.1
1779	84.5	74
1780	84.5	73.9
1781	84.5	73.9
1782	84.5	73.8
1783	84.5	73.9
1784	84.5	73.9
1785	84.5	73.9
1786	84.4	74
1787	84.4	74
1788	84.4	73.9
1789	84.4	73.9
1790	84.3	73.8
1791	84.4	73.8
1792	84.3	73.8
1793	84.3	74
1794	84.3	74
1795	84.3	74
1796	84.4	73.7
1797	84.4	73.7
1798	84.5	73.8
1799	84.6	73.7
1800	84.6	73.7
1801	84.6	73.7
1802	84.4	73.8
1803	84.5	73.8
1804	84.5	73.8
1805	84.5	73.8
1806	84.5	73.9
1807	84.6	73.9
1808	84.8	73.8
1809	84.7	73.8
1810	84.5	74.1
1811	84.4	74.2
1812	84.4	74.3
1813	84.5	74.2
1814	84.6	74.1
1815	84.6	74
1816	84.7	73.9
1817	84.6	74.1
1818	84.5	74
1819	84.6	74
1820	84.6	73.9
1821	84.5	73.9
1822	84.3	73.9
1823	84.4	74
1824	84.5	74.1
1825	84.5	74.2
1826	84.5	74.2
1827	84.6	74.2
1828	84.7	74.1
1829	84.8	74.1
1830	84.9	74
1831	84.7	73.9
1832	84.7	73.9
1833	84.8	73.9
1834	84.8	73.8
1835	84.8	73.7
1836	84.8	73.8
1837	84.8	73.9
1838	84.9	73.9
1839	84.8	73.9
1840	84.9	73.9
1841	84.9	74
1842	84.8	74.1
1843	84.9	74.1
1844	84.9	74.4
1845	85	74.3
1846	84.9	74.2
1847	84.9	74.1
1848	84.9	74.4
1849	84.9	74.4
1850	84.9	74.4
1851	85	74.5
1852	85.1	74.5
1853	85	74.4
1854	85.1	74.4
1855	85.1	74.5
1856	85.1	74.5
1857	85.1	74.4
1858	85.1	74.3
1859	85.1	74.3
1860	85.1	74.3
1861	85	74.3
1862	85	74.3
1863	85	74.3
1864	85	74.3
1865	85	74.3
1866	85	74.3
1867	85	74.4
1868	85.1	74.4
1869	85	74.4
1870	85.1	74.4
1871	85	74.4
1872	85.1	74.5
1873	85	74.5
1874	84.9	74.6
1875	84.9	74.6
1876	85	74.5
1877	85	74.5
1878	85.1	74.4
1879	85.2	74.3
1880	85.1	74.2
1881	85.3	73.9
1882	85.2	74
1883	85.2	74.1
1884	85	74.2
1885	85	74.4
1886	84.9	74.4
1887	85	74.5
1888	85.1	74.6
1889	85.1	74.6
1890	85.2	74.5
1891	85.3	74.5
1892	85.3	74.5
1893	85.2	74.4
1894	85.2	74.5
1895	85.2	74.4
1896	85.2	74.4
1897	85.2	74.4
1898	85.3	74.3
1899	85.2	74.4
1900	85.2	74.4
1901	85.3	74.4
1902	85.2	74.4
1903	85.2	74.3
1904	85.2	74.1
1905	85.1	74.1
1906	85.2	74.3
1907	85.3	74.2
1908	85.2	74.2
1909	85.2	74.2
1910	85.2	74.2
1911	85.2	74.2
1912	85.3	74.2
1913	85.3	74.2
1914	85.1	74.2
1915	85.2	74.1
1916	85.1	74.2
1917	85.2	74.3
1918	85.2	74.2
1919	85.2	74.2
1920	85.1	74.1
1921	85.2	74
1922	85.3	74
1923	85.2	74
1924	85.2	74
1925	85.3	74
1926	85.3	74.1
1927	85.4	74.1
1928	85.4	74.2
1929	85.3	74.2
1930	85.2	74.3
1931	85.3	74.3
1932	85.2	74.5
1933	85.2	74.5
1934	85.1	74.5
1935	85.3	74.5
1936	85.3	74.5
1937	85.3	74.5
1938	85.2	74.5
1939	85.3	74.4
1940	85.4	74.4
1941	85.5	74.3
1942	85.5	74.2
1943	85.5	74.2
1944	85.5	74.2
1945	85.6	74.2
1946	85.4	74.3
1947	85.4	74.3
1948	85.4	74.4
1949	85.3	74.5
1950	85.3	74.5
1951	85.3	74.6
1952	85.4	74.7
1953	85.3	74.6
1954	85.4	74.6
1955	85.3	74.6
1956	85.3	74.5
1957	85.4	74.4
1958	85.4	74.4
1959	85.4	74.3
1960	85.4	74.3
1961	85.4	74.3
1962	85.4	74.3
1963	85.4	74.3
1964	85.4	74.3
1965	85.4	74.3
1966	85.4	74.3
1967	85.4	74.4
1968	85.4	74.4
1969	85.5	74.5
1970	85.5	74.5
1971	85.4	74.4
1972	85.4	74.4
1973	85.4	74.4
1974	85.5	74.3
1975	85.5	74.3
1976	85.5	74.3
1977	85.5	74.3
1978	85.6	74.3
1979	85.5	74.3
1980	85.7	74.4
1981	85.7	74.5
1982	85.7	74.5
1983	85.7	74.6
1984	85.7	74.6
1985	85.8	74.6
1986	85.7	74.6
1987	85.7	74.7
1988	85.8	74.8
1989	85.9	74.9
1990	85.8	74.9
1991	85.9	75
1992	85.9	75
1993	85.9	75
1994	85.9	74.9
1995	85.9	74.9
1996	86	75
1997	85.9	75
1998	86.1	75
1999	86.1	75.1
2000	86.1	75.1
2001	86.1	75.3
2002	86.1	75.3
2003	86.1	75.4
2004	86.1	75.3
2005	86.1	75.4
2006	86.1	75.4
2007	86	75.4
2008	86	75.4
2009	86	75.4
2010	86.1	75.3
2011	85.9	75.3
2012	85.9	75.3
2013	86	75.2
2014	86	75.1
2015	86.1	75
2016	86	75
2017	86.2	75.1
2018	86.3	75.2
2019	86.4	75.4
2020	86.4	75.4
2021	86.5	75.4
2022	86.4	75.3
2023	86.5	75.1
2024	86.4	74.9
2025	86.3	74.8
2026	86.3	74.7
2027	86.2	74.7
2028	86.2	74.6
2029	86.2	74.6
2030	86.1	74.6
2031	86	74.5
2032	86	74.6
2033	85.9	74.5
2034	86	74.5
2035	86	74.5
2036	85.9	74.4
2037	85.9	74.3
2038	85.9	74.2
2039	86	74.1
2040	85.9	74.1
2041	86	74.1
2042	86	74.2
2043	86	74.3
2044	86.1	74.4
2045	86.1	74.3
2046	86.1	74.4
2047	86.3	74.5
2048	86.4	74.7
2049	86.5	74.7
2050	86.6	74.7
2051	86.6	74.8
2052	86.5	74.8
2053	86.5	74.7
2054	86.4	74.7
2055	86.3	74.6
2056	86.2	74.6
2057	86.3	74.6
2058	86.3	74.6
2059	86.3	74.5
2060	86.3	74.4
2061	86.4	74.4
2062	86.3	74.6
2063	86.4	74.7
2064	86.2	74.8
2065	86.2	74.6
2066	86.1	74.5
2067	86.1	74.4
2068	86.1	74.4
2069	86.1	74.3
2070	86.1	74.2
2071	86.1	74.2
2072	86.2	74.3
2073	86.1	74.3
2074	86.1	74.3
2075	86.2	74.1
2076	86.2	74.1
2077	86.1	74.1
2078	86.1	74.1
2079	85.8	74
2080	85.8	74
2081	85.8	74
2082	85.9	74
2083	86.1	73.9
2084	86.1	74
2085	86.2	74.2
2086	86.3	74.5
2087	86.3	74.6
2088	86.3	74.7
2089	86.3	74.8
2090	86.4	74.9
2091	86.3	74.9
2092	86.3	75.1
2093	86.3	75
2094	86.4	75.1
2095	86.4	75.1
2096	86.3	75
2097	86.4	74.9
2098	86.4	74.9
2099	86.3	74.9
2100	86.3	74.9
2101	86.3	74.9
2102	86.3	74.9
2103	86.3	74.9
2104	86.2	74.9
2105	86.3	75.1
2106	86.3	75
2107	86.2	75
2108	86.2	74.9
2109	86.2	74.8
2110	86.3	74.9
2111	86.2	74.8
2112	86.2	74.9
2113	86.2	74.8
2114	86.2	74.8
2115	86.3	74.8
2116	86.4	74.9
2117	86.4	75
2118	86.4	74.9
2119	86.2	74.7
2120	86.3	74.7
2121	86.3	74.7
2122	86.4	74.9
2123	86.4	75
2124	86.4	75
2125	86.4	75.1
2126	86.4	75.1
2127	86.3	75.3
2128	86.3	75.4
2129	86.4	75.4
2130	86.4	75.5
2131	86.4	75.6
2132	86.4	75.7
2133	86.4	75.7
2134	86.4	75.8
2135	86.3	75.7
2136	86.3	75.7
2137	86.3	75.6
2138	86.4	75.6
2139	86.4	75.6
2140	86.6	75.2
2141	86.6	75.1
2142	86.6	75
2143	86.7	75
2144	86.6	75
2145	86.6	75.1
2146	86.5	75.1
2147	86.3	75.2
2148	86.3	75.3
2149	86.3	75.4
2150	86.1	75.5
2151	86.3	75.5
2152	86.1	75.6
2153	86	75.4
2154	86	75.3
2155	86.2	75.2
2156	86.3	75.2
2157	86.1	75.1
2158	86.1	75.1
2159	86.3	75.1
2160	86.2	75.3
2161	86.3	75.3
2162	86.2	75.3
2163	86.2	75.3
2164	86.3	75.3
2165	86.2	75.4
2166	86.2	75.4
2167	86.2	75.4
2168	86.3	75.4
2169	86.2	75.4
2170	86.3	75.2
2171	86.5	75
2172	86.6	75.1
2173	86.4	75.1
2174	86.4	75.1
2175	86.3	75.1
2176	86.3	75.2
2177	86.2	75.4
2178	86.2	75.5
2179	86.2	75.4
2180	86.1	75.4
2181	86.2	75.3
2182	86.1	75.2
2183	86	75.2
2184	86	75.3
2185	86.1	75.3
2186	86.2	75.4
2187	86.1	75.5
2188	86.1	75.5
2189	86.2	75.4
2190	86.2	75.4
2191	86.2	75.4
2192	86.2	75.4
2193	86.2	75.5
2194	86.1	75.4
2195	86.2	75.4
2196	86.2	75.4
2197	86.2	75.3
2198	86.3	75.2
2199	86.3	75.2
2200	86.3	75.2
2201	86.4	75.2
2202	86.3	75.4
2203	86.3	75.5
2204	86.4	75.6
2205	86.5	75.4
2206	86.6	75.5
2207	86.6	75.6
2208	86.6	75.8
2209	86.7	75.9
2210	86.7	75.9
2211	86.8	76
2212	86.7	76
2213	86.7	76
2214	86.7	75.9
2215	86.7	75.9
2216	86.5	75.6
2217	86.5	75.6
2218	86.5	75.6
2219	86.6	75.5
2220	86.6	75.5
2221	86.7	75.5
2222	86.6	75.6
2223	86.5	75.6
2224	86.5	75.7
2225	86.5	75.7
2226	86.6	75.6
2227	86.6	75.6
2228	86.6	75.6
2229	86.6	75.4
2230	86.6	75.4
2231	86.5	75.4
2232	86.5	75.3
2233	86.6	75.3
2234	86.6	75.3
2235	86.6	75.4
2236	86.6	75.5
2237	86.6	75.5
2238	86.5	75.6
2239	86.5	75.6
2240	86.6	75.6
2241	86.6	75.7
2242	86.6	75.7
2243	86.6	75.6
2244	86.6	75.7
2245	86.6	75.7
2246	86.7	75.8
2247	86.7	75.7
2248	86.7	75.8
2249	86.6	75.8
2250	86.7	75.7
2251	86.6	75.7
2252	86.7	75.8
2253	86.7	75.9
2254	86.8	76
2255	86.6	76
2256	86.7	75.9
2257	86.7	75.9
2258	86.6	75.9
2259	86.6	75.9
2260	86.5	75.9
2261	86.5	75.9
2262	86.4	75.8
2263	86.4	75.8
2264	86.4	75.9
2265	86.4	75.9
2266	86.6	76.1
2267	86.6	76.1
2268	86.5	76.1
2269	86.6	76
2270	86.7	76
2271	86.7	76
2272	86.7	76
2273	86.7	75.9
2274	86.8	75.9
2275	86.8	75.9
2276	86.7	76
2277	86.7	76
2278	86.7	76
2279	86.7	76
2280	86.8	76
2281	86.8	76
2282	86.8	75.9
2283	86.7	75.8
2284	86.7	75.7
2285	86.7	75.6
2286	86.8	75.6
2287	86.7	75.6
2288	86.7	75.6
2289	86.8	75.6
2290	86.8	75.6
2291	86.8	75.6
2292	86.8	75.6
2293	86.9	75.5
2294	87	75.4
2295	87	75.4
2296	87.1	75.4
2297	87.2	75.4
2298	87.2	75.4
2299	87.1	75.3
2300	87	75.3
2301	86.9	75.4
2302	86.9	75.4
2303	86.9	75.3
2304	86.9	75.2
2305	86.9	75.2
2306	86.9	75.2
2307	87	75.2
2308	87.1	75.3
2309	87.2	75.2
2310	87.1	75.2
2311	87	75.2
2312	87	75.2
2313	87	75.2
2314	87	75.3
2315	87	75.3
2316	87.1	75.4
2317	87.1	75.4
2318	87	75.5
2319	87	75.6
2320	87.1	75.7
2321	87	75.7
2322	87	75.7
2323	87.1	75.7
2324	87.1	75.8
2325	87.1	75.8
2326	87.1	75.8
2327	87.1	75.9
2328	87	75.8
2329	87.1	75.7
2330	87.1	75.7
2331	87	75.5
2332	86.9	75.5
2333	86.8	75.4
2334	86.9	75.4
2335	86.9	75.6
2336	87	75.6
2337	86.9	75.6
2338	86.8	75.8
2339	86.7	75.9
2340	86.7	75.8
2341	86.8	75.9
2342	86.8	75.9
2343	86.9	75.9
2344	86.9	75.8
2345	87	75.6
2346	87	75.6
2347	86.9	75.6
2348	87	75.6
2349	87.1	75.5
2350	87.1	75.5
2351	87.1	75.5
2352	87.3	75.4
2353	87.3	75.3
2354	87.3	75.3
2355	87.2	75.3
2356	87.2	75.3
2357	87.2	75.3
2358	87.2	75.3
2359	87.1	75.3
2360	87.2	75.3
2361	87.3	75.3
2362	87.2	75.4
2363	87.1	75.5
2364	87.1	75.5
2365	87.2	75.6
2366	87.2	75.6
2367	87.2	75.7
2368	87.3	75.8
2369	87.3	75.7
2370	87.2	75.7
2371	87.2	75.7
2372	87.3	75.7
2373	87.2	75.6
2374	87.2	75.6
2375	87.2	75.7
2376	87.3	75.7
2377	87.3	75.8
2378	87.3	75.9
2379	87.3	75.8
2380	87.3	76
2381	87.2	76
2382	87.2	75.9
2383	87.2	75.9
2384	87.2	75.8
2385	87.2	75.8
2386	87.2	75.9
2387	87.2	76
2388	87.2	75.9
2389	87.2	75.8
2390	87.3	75.8
2391	87.3	75.9
2392	87.2	75.8
2393	87.2	75.7
2394	87.3	75.8
2395	87.3	75.7
2396	87.3	75.7
2397	87.3	75.7
2398	87.2	75.8
2399	87.3	75.8
2400	87.2	75.8
2401	87.3	75.7
2402	87.3	75.7
2403	87.3	75.8
2404	87.4	75.9
2405	87.5	75.9
2406	87.5	75.9
2407	87.5	75.9
2408	87.5	75.8
2409	87.5	75.7
2410	87.5	75.8
2411	87.4	75.9
2412	87.4	75.9
2413	87.3	75.8
2414	87.3	75.8
2415	87.3	75.8
2416	87.3	75.7
2417	87.3	75.7
2418	87.3	75.7
2419	87.3	75.7
2420	87.3	75.7
2421	87.3	75.8
2422	87.3	75.8
2423	87.3	75.9
2424	87.2	75.8
2425	87.2	75.9
2426	87.2	75.7
2427	86.9	75.6
2428	86.9	75.7
2429	86.9	75.9
2430	87	76
2431	87	76
2432	87.1	76.2
2433	87.2	76.2
2434	87.2	76.2
2435	87.3	76.2
2436	87.3	76.2
2437	87.3	76.2
2438	87.3	76
2439	87.1	75.7
2440	87.2	75.6
2441	87.3	75.5
2442	87.2	75.6
2443	87.2	75.7
2444	87.3	75.7
2445	87.2	75.6
2446	87.3	75.8
2447	87.4	75.9
2448	87.5	76
2449	87.5	75.9
2450	87.4	75.8
2451	87.5	75.9
2452	87.4	76.1
2453	87.6	76.1
2454	87.6	76.1
2455	87.6	76.2
2456	87.6	76.2
2457	87.7	76.3
2458	87.7	76.2
2459	87.7	76.3
2460	87.7	76.3
2461	87.7	76.4
2462	87.8	76.5
2463	87.7	76.5
2464	87.9	76.5
2465	87.8	76.6
2466	87.8	76.6
2467	87.7	76.6
2468	87.7	76.7
2469	87.6	76.7
2470	87.7	76.7
2471	87.7	76.7
2472	87.7	76.7
2473	87.7	76.8
2474	87.7	76.7
2475	87.7	76.8
2476	87.7	76.7
2477	87.7	76.7
2478	87.8	76.7
2479	87.7	76.6
2480	87.7	76.7
2481	87.7	76.6
2482	87.6	76.7
2483	87.6	76.6
2484	87.6	76.5
2485	87.5	76.4
2486	87.4	76.4
2487	87.5	76.5
2488	87.5	76.4
2489	87.6	76.6
2490	87.6	76.6
2491	87.6	76.8
2492	87.7	76.8
2493	87.7	76.8
2494	87.7	76.8
2495	87.7	76.8
2496	87.6	76.7
2497	87.7	76.6
2498	87.7	76.6
2499	87.7	76.5
2500	87.7	76.3
2501	87.8	76.3
2502	87.8	76.1
2503	87.7	76
2504	87.7	76
2505	87.7	76
2506	87.7	76
2507	87.6	76
2508	87.6	76
2509	87.7	76.1
2510	87.7	76.1
2511	87.7	76.2
2512	87.6	76.2
2513	87.7	76.3
2514	87.7	76.2
2515	87.7	76.2
2516	87.7	76.2
2517	87.6	76.1
2518	87.6	76.1
2519	87.7	76
2520	87.6	76
2521	87.7	75.9
2522	87.7	75.8
2523	87.6	75.8
2524	87.6	75.9
2525	87.6	75.9
2526	87.5	75.9
2527	87.4	76
2528	87.4	76.1
2529	87.4	76
2530	87.5	76.1
2531	87.4	76.1
2532	87.5	76.1
2533	87.5	76.1
2534	87.5	76.1
2535	87.6	76.2
2536	87.5	76.3
2537	87.5	76.3
2538	87.5	76.2
2539	87.5	76.1
2540	87.4	76.2
2541	87.4	76.2
2542	87.4	76.2
2543	87.5	76.1
2544	87.4	76.4
2545	87.4	76.4
2546	87.4	76.4
2547	87.4	76.4
2548	87.4	76.3
2549	87.4	76.3
2550	87.5	76.3
2551	87.6	76.5
2552	87.5	76.5
2553	87.5	76.4
2554	87.6	76.4
2555	87.6	76.4
2556	87.5	76.5
2557	87.6	76.5
2558	87.5	76.4
2559	87.5	76.5
2560	87.6	76.4
2561	87.5	76.4
2562	87.6	76.4
2563	87.7	76.5
2564	87.6	76.5
2565	87.6	76.6
2566	87.6	76.7
2567	87.6	76.7
2568	87.6	76.8
2569	87.5	76.8
2570	87.4	76.8
2571	87.4	76.8
2572	87.5	76.8
2573	87.5	76.8
2574	87.6	76.8
2575	87.6	76.7
2576	87.5	76.8
2577	87.4	76.9
2578	87.4	76.9
2579	87.5	76.8
2580	87.5	76.7
2581	87.6	76.8
2582	87.5	76.7
2583	87.5	76.8
2584	87.4	76.8
2585	87.5	76.7
2586	87.6	76.8
2587	87.8	77
2588	87.8	77
2589	87.7	76.8
2590	87.8	76.7
2591	87.8	76.6
2592	88	76.8
2593	88	76.8
2594	87.9	77
2595	87.8	76.9
2596	87.7	76.7
2597	87.6	76.5
2598	87.5	76.4
2599	87.5	76.4
2600	87.5	76.4
2601	87.6	76.6
2602	87.6	76.6
2603	87.7	76.5
2604	87.7	76.5
2605	87.6	76.5
2606	87.6	76.4
2607	87.7	76.4
2608	87.5	76.3
2609	87.7	76.2
2610	87.7	76.1
2611	87.7	76.2
2612	87.6	76.1
2613	87.6	76.2
2614	87.6	76.4
2615	87.7	76.5
2616	87.7	76.4
2617	87.6	76.4
2618	87.7	76.5
2619	87.6	76.5
2620	87.7	76.5
2621	87.7	76.5
2622	87.7	76.6
2623	87.7	76.5
2624	87.8	76.4
2625	87.8	76.4
2626	87.9	76.4
2627	87.9	76.5
2628	87.9	76.4
2629	87.9	76.4
2630	87.8	76.4
2631	87.8	76.4
2632	87.8	76.4
2633	87.8	76.4
2634	87.8	76.4
2635	87.8	76.4
2636	87.8	76.4
2637	87.8	76.4
2638	87.8	76.4
2639	87.8	76.3
2640	87.8	76.2
2641	87.8	76.3
2642	87.8	76.4
2643	87.8	76.4
2644	87.8	76.4
2645	87.9	76.4
2646	87.8	76.5
2647	87.9	76.6
2648	87.9	76.5
2649	87.9	76.5
2650	88	76.5
2651	87.9	76.5
2652	87.9	76.5
2653	87.9	76.6
2654	87.9	76.7
2655	87.9	76.7
2656	87.9	76.8
2657	88	76.8
2658	88	76.8
2659	88	76.7
2660	88	76.8
2661	88	76.7
2662	88	76.7
2663	88	76.7
2664	87.9	76.7
2665	87.9	76.8
2666	88	76.7
2667	88	76.7
2668	87.9	76.7
2669	87.9	76.7
2670	88	76.7
2671	88	76.6
2672	88	76.6
2673	87.9	76.5
2674	87.9	76.4
2675	87.9	76.4
2676	87.9	76.4
2677	87.9	76.4
2678	87.9	76.4
2679	87.9	76.4
2680	88	76.3
2681	88	76.3
2682	88	76.2
2683	87.9	76.3
2684	87.9	76.1
2685	88	76.1
2686	88	76.1
2687	88	76.1
2688	88	76.2
2689	88	76.2
2690	87.9	76.3
2691	87.9	76.3
2692	88	76.3
2693	88	76.3
2694	88	76.3
2695	88	76.3
2696	88	76.3
2697	88.1	76.4
2698	88	76.4
2699	88	76.5
2700	88	76.5
2701	88	76.5
2702	88	76.4
2703	88	76.5
2704	88	76.5
2705	88	76.6
2706	88	76.6
2707	88	76.5
2708	88	76.6
2709	88	76.6
2710	88	76.5
2711	88.1	76.5
2712	88.1	76.5
2713	88.1	76.5
2714	88	76.5
2715	88.1	76.6
2716	88.1	76.5
2717	88.1	76.5
2718	88.2	76.5
2719	88.1	76.5
2720	88.2	76.3
2721	88.3	76.3
2722	88.4	76.3
2723	88.3	76.4
2724	88.2	76.4
2725	88.1	76.4
2726	88.1	76.4
2727	88.1	76.4
2728	88.1	76.4
2729	88.1	76.4
2730	88.2	76.5
2731	88.2	76.5
2732	88.2	76.4
2733	88.2	76.3
2734	88.2	76.4
2735	88.2	76.3
2736	88.1	76.3
2737	87.9	76.1
2738	87.9	76.1
2739	87.9	76.1
2740	87.9	76.1
2741	87.9	76.2
2742	88	76.2
2743	88.2	76.2
2744	88.2	76.4
2745	88.2	76.3
2746	88.2	76.4
2747	88.2	76.4
2748	88.2	76.5
2749	88.1	76.5
2750	88.1	76.5
2751	88.2	76.5
2752	88.2	76.5
2753	88.3	76.4
2754	88.4	76.3
2755	88.3	76.4
2756	88.3	76.4
2757	88.3	76.5
2758	88.3	76.5
2759	88.2	76.5
2760	88.2	76.6
2761	88.2	76.7
2762	88.2	76.6
2763	88.3	76.6
2764	88.3	76.5
2765	88.4	76.5
2766	88.4	76.5
2767	88.3	76.5
2768	88.3	76.7
2769	88.3	76.5
2770	88.2	76.5
2771	88.1	76.4
2772	87.9	76.1
2773	87.9	76.2
2774	88.1	76.4
2775	87.8	76.6
2776	87.9	76.6
2777	88	76.6
2778	88	76.5
2779	87.9	76.4
2780	88	76.4
2781	88.1	76.4
2782	88.2	76.7
2783	88.2	76.7
2784	88.2	76.7
2785	88.2	76.8
2786	88.1	76.8
2787	88.1	76.5
2788	88	76.4
2789	88.1	76.5
2790	88.1	76.6
2791	88.1	76.5
2792	88.1	76.5
2793	88.1	76.6
2794	88.1	76.6
2795	88.2	76.8
2796	88.3	76.8
2797	88.3	76.8
2798	88.4	76.8
2799	88.5	77
2800	88.5	76.9
2801	88.5	76.9
2802	88.4	76.9
2803	88.4	76.9
2804	88.4	77
2805	88.4	77
2806	88.3	77.1
2807	88.4	76.9
2808	88.2	77
2809	88.2	77.1
2810	88.2	77.1
2811	88.2	77.1
2812	88.2	77.3
2813	88.1	77.2
2814	88.1	77.1
2815	88.1	77.2
2816	88.1	77.2
2817	88.1	77
2818	87.8	77.1
2819	87.7	77.5
2820	87.4	77.5
2821	87.4	77.5
2822	87.6	77.2
2823	87.6	77.1
2824	87.7	77.1
2825	88	77.2
2826	88	77.4
2827	87.9	77.5
2828	87.9	77.5
2829	87.8	77.4
2830	87.8	77.2
2831	87.9	77.3
2832	88.1	77.1
2833	88.1	77
2834	88	77.1
2835	88.2	76.9
2836	88.3	77
2837	88.3	77.2
2838	88.3	77.4
2839	88	77.2
2840	88	77.2
2841	88.1	77.2
2842	88.1	77.2
2843	88.1	77.3
2844	88.1	77.5
2845	88	77.6
2846	88	77.5
2847	88	77.6
2848	87.9	77.7
2849	88.1	77.7
2850	88.1	77.6
2851	88.1	77.5
2852	88.3	77.6
2853	88.2	77.5
2854	88.3	77.4
2855	88.3	77.4
2856	88.2	77.4
2857	88.2	77.5
2858	88.2	77.6
2859	88.1	77.4
2860	88	77.3
2861	88	77.3
2862	88.3	77.3
2863	88.3	77.3
2864	88.4	77.4
2865	88.4	77.4
2866	88.4	77
2867	88	76.9
2868	88.1	77
2869	87.8	76.3
2870	87.8	76.6
2871	88	76.8
2872	88.1	76.8
2873	88.2	76.9
2874	88.1	76.8
2875	88.1	76.9
2876	88.2	77.1
2877	88.3	77.1
2878	88.4	76.9
2879	88.5	76.9
2880	88.4	76.7
2881	88.5	76.7
2882	88.5	76.7
2883	88.4	76.8
2884	88.4	76.8
2885	88.4	76.8
2886	88.5	76.8
2887	88.4	76.7
2888	88.5	76.6
2889	88.4	76.6
2890	88.4	76.6
2891	88.3	76.5
2892	88.2	76.5
2893	88.2	76.5
2894	88.2	76.4
2895	88.2	76.4
2896	88.3	76.6
2897	88.4	76.7
2898	88.4	76.8
2899	88.3	76.8
2900	88.3	76.8
2901	88.2	76.8
2902	88.2	76.7
2903	88.2	76.8
2904	88.3	76.9
2905	88.3	76.9
2906	88.3	76.8
2907	88.4	76.9
2908	88.3	77
2909	88.1	76.9
2910	88.2	77
2911	88	76.9
2912	88	76.8
2913	88	76.9
2914	88	76.8
2915	88	76.8
2916	88	76.7
2917	87.9	76.6
2918	87.9	76.6
2919	87.9	76.7
2920	88.1	76.7
2921	88.1	76.7
2922	88.2	76.8
2923	88.3	76.7
2924	88.5	76.7
2925	88.4	76.4
2926	88.3	76.4
2927	88.4	76.5
2928	88.4	76.8
2929	88.4	77
2930	88.2	77.2
2931	88.2	77.4
2932	88.2	77.3
2933	88.2	77.3
2934	88.3	77.2
2935	88.3	77.1
2936	88.2	77.1
2937	88.2	77.2
2938	88.2	77.1
2939	88.2	77.1
2940	88.2	77
2941	88.3	76.8
2942	88.3	76.7
2943	88.3	76.6
2944	88.4	76.5
2945	88.4	76.6
2946	88.3	76.5
2947	88.4	76.6
2948	88.3	76.6
2949	88.4	76.6
2950	88.5	76.8
2951	88.5	76.9
2952	88.5	77
2953	88.5	77
2954	88.5	76.8
2955	88.5	76.8
2956	88.5	76.7
2957	88.5	76.7
2958	88.5	76.6
2959	88.4	76.5
2960	88.4	76.5
2961	88.3	76.5
2962	88.3	76.4
2963	88.3	76.5
2964	88.3	76.5
2965	88.4	76.7
2966	88.4	76.7
2967	88.4	76.8
2968	88.5	76.7
2969	88.4	76.7
2970	88.4	76.7
2971	88.5	76.6
2972	88.5	76.6
2973	88.5	76.6
2974	88.4	76.6
2975	88.4	76.6
2976	88.4	76.6
2977	88.4	76.6
2978	88.4	76.7
2979	88.4	76.7
2980	88.4	76.6
2981	88.4	76.6
2982	88.4	76.6
2983	88.4	76.6
2984	88.4	76.6
2985	88.4	76.5
2986	88.4	76.5
2987	88.4	76.4
2988	88.4	76.4
2989	88.4	76.4
2990	88.5	76.4
2991	88.5	76.5
2992	88.4	76.6
2993	88.4	76.6
2994	88.4	76.6
2995	88.4	76.6
2996	88.4	76.7
2997	88.4	76.7
2998	88.5	76.8
2999	88.6	76.7
3000	88.6	76.7
3001	88.4	76.7
3002	88.2	76.8
3003	88.3	76.8
3004	88.3	76.9
3005	88.3	76.9
3006	88.3	77.1
3007	88.4	77
3008	88.4	77
3009	88.4	77.1
3010	88.4	77
3011	88.4	77
3012	88.5	77
3013	88.5	77
3014	88.4	76.9
3015	88.5	77
3016	88.5	76.9
3017	88.5	76.9
3018	88.5	76.9
3019	88.5	77
3020	88.5	77
3021	88.6	77
3022	88.5	77
3023	88.5	77
3024	88.4	77
3025	88.4	77
3026	88.5	76.9
3027	88.3	77
3028	88.3	77
3029	88.2	77.1
3030	88.2	77
3031	88.1	76.9
3032	88.2	77
3033	88.3	76.9
3034	88.3	76.9
3035	88.3	76.9
3036	88.2	76.8
3037	88.3	77
3038	88.4	77
3039	88.4	77
3040	88.4	77.1
3041	88.3	77.1
3042	88.4	77.1
3043	88.3	77.2
3044	88.4	77.1
3045	88.5	77.1
3046	88.5	77
3047	88.4	76.9
3048	88.3	76.9
3049	88.4	76.9
3050	88.5	76.8
3051	88.5	77
3052	88.5	77.1
3053	88.6	77
3054	88.5	77
3055	88.6	77.1
3056	88.6	77.1
3057	88.7	77
3058	88.6	77.1
3059	88.8	77.2
3060	88.5	77.5
3061	88.5	77.7
3062	88.6	77.7
3063	88.5	77.9
3064	88.4	77.7
3065	88.5	77.4
3066	88.4	77.3
3067	88.3	77.3
3068	88.4	77.2
3069	88.4	77.1
3070	88.4	77
3071	88.5	77.1
3072	88.6	77.1
3073	88.7	76.7
3074	88.5	76.8
3075	88.5	76.9
3076	88.5	77
3077	88.5	77
3078	88.5	77
3079	88.5	77
3080	88.4	77.1
3081	88.5	77.2
3082	88.5	77.2
3083	88.6	77.2
3084	88.6	77.2
3085	88.6	77.3
3086	88.5	77.3
3087	88.5	77.2
3088	88.4	77.2
3089	88.5	77.2
3090	88.4	77.1
3091	88.5	77.2
3092	88.4	77.3
3093	88.4	77.3
3094	88.6	77.3
3095	88.6	77.2
3096	88.6	77.2
3097	88.6	77.2
3098	88.6	77.2
3099	88.6	77.2
3100	88.5	77.2
3101	88.6	77.3
3102	88.6	77.3
3103	88.6	77.2
3104	88.6	77.3
3105	88.7	77.3
3106	88.7	77.3
3107	88.7	77.2
3108	88.7	77.3
3109	88.8	77.3
3110	88.7	77.2
3111	88.7	77.2
3112	88.6	77.2
3113	88.7	77.2
3114	88.7	77.2
3115	88.6	77.1
3116	88.6	77.1
3117	88.6	77.1
3118	88.6	77.2
3119	88.6	77.2
3120	88.6	77.2
3121	88.7	77.1
3122	88.6	77.1
3123	88.6	77.1
3124	88.6	77.2
3125	88.7	77.2
3126	88.7	77.3
3127	88.6	77.3
3128	88.7	77.4
3129	88.7	77.2
3130	88.6	77.2
3131	88.6	77.3
3132	88.5	77.4
3133	88.5	77.5
3134	88.6	77.5
3135	88.6	77.5
3136	88.6	77.6
3137	88.6	77.5
3138	88.5	77.5
3139	88.5	77.4
3140	88.4	77.4
3141	88.5	77.3
3142	88.5	77.2
3143	88.5	77.3
3144	88.5	77
3145	88.6	77
3146	88.7	76.9
3147	88.7	77
3148	88.8	76.9
3149	88.7	77.1
3150	88.6	77
3151	88.7	76.8
3152	88.6	77
3153	88.6	77.1
3154	88.6	77.1
3155	88.7	77.2
3156	88.7	77.2
3157	88.7	77.1
3158	88.6	77.2
3159	88.5	77.3
3160	88.6	77.4
3161	88.6	77.3
3162	88.6	77.3
3163	88.7	77
3164	88.6	76.8
3165	88.7	76.5
3166	88.9	76.4
3167	88.9	76.6
3168	88.9	76.7
3169	89	77
3170	88.8	77.2
3171	88.8	77.2
3172	88.7	77.3
3173	88.9	77.4
3174	89	77.5
3175	89	77.4
3176	88.9	76.9
3177	88.8	76.8
3178	88.7	76.8
3179	88.7	76.8
3180	88.8	76.8
3181	88.7	76.8
3182	88.6	76.8
3183	88.7	77
3184	88.8	76.9
3185	88.8	77
3186	88.7	77.2
3187	88.7	77.1
3188	88.9	77.2
3189	88.9	77.2
3190	88.8	77.1
3191	88.7	77.2
3192	88.7	77.2
3193	88.8	77.2
3194	88.8	77.1
3195	88.8	77.2
3196	88.8	77.2
3197	88.8	77.3
3198	88.7	77.3
3199	88.5	77.4
3200	88.6	77.6
3201	88.6	77.6
3202	88.7	77.5
3203	88.8	77.4
3204	88.7	77.5
3205	88.7	77.5
3206	88.8	77.6
3207	88.7	77.6
3208	88.7	77.6
3209	88.8	77.7
3210	88.9	77.5
3211	88.9	77.2
3212	88.9	77
3213	88.8	76.7
3214	88.8	76.7
3215	88.9	76.8
3216	88.9	77
3217	88.8	77.3
3218	88.8	77.1
3219	88.8	77.2
3220	88.9	77.2
3221	88.8	77.2
3222	88.7	77.1
3223	88.6	77.2
3224	88.5	77.5
3225	88.6	77.6
3226	88.6	77.6
3227	88.6	77.8
3228	88.6	77.9
3229	88.6	77.9
3230	88.6	78
3231	88.5	77.9
3232	88.5	77.8
3233	88.5	77.7
3234	88.5	77.5
3235	88.6	77.5
3236	88.6	77.5
3237	88.6	77.5
3238	88.6	77.5
3239	88.6	77.5
3240	88.7	77.4
3241	88.7	77.3
3242	88.7	77.3
3243	88.7	77.4
3244	88.7	77.4
3245	88.7	77.3
3246	88.8	77.2
3247	88.8	77.1
3248	88.9	76.9
3249	88.8	76.9
3250	88.8	76.9
3251	88.7	76.9
3252	88.7	76.9
3253	88.7	77
3254	88.5	77
3255	88.6	76.8
3256	88.6	76.8
3257	88.5	76.5
3258	88.5	76.3
3259	88.6	75.8
3260	88.7	75.8
3261	88.6	76
3262	88.6	76.1
3263	88.6	76.3
3264	88.5	76.6
3265	88.6	76.7
3266	88.6	76.8
3267	88.7	76.8
3268	88.7	77.1
3269	88.6	77.2
3270	88.6	77.3
3271	88.8	77.1
3272	88.8	77.1
3273	88.8	77.1
3274	88.7	77.3
3275	88.6	77.2
3276	88.6	77.1
3277	88.6	77.1
3278	88.6	77.2
3279	88.7	77.2
3280	88.7	77.3
3281	88.7	77.1
3282	88.7	77
3283	88.7	77
3284	88.7	77
3285	88.8	77
3286	88.8	77.1
3287	88.8	77
3288	89	76.7
3289	88.8	76.7
3290	88.8	76.8
3291	88.6	77
3292	88.7	77
3293	88.7	77
3294	88.6	77
3295	88.6	77.1
3296	88.6	77.1
3297	88.7	77
3298	88.8	77.1
3299	88.7	77.2
3300	88.7	77.2
3301	88.6	77.3
3302	88.7	77.3
3303	88.7	77.4
3304	88.7	77.4
3305	88.6	77.5
3306	88.6	77.5
3307	88.6	77.5
3308	88.4	77.5
3309	88.4	77.6
3310	88.3	77.7
3311	88.4	77.7
3312	88.5	77.6
3313	88.5	77.5
3314	88.6	77.5
3315	88.6	77.6
3316	88.6	77.7
3317	88.6	77.6
3318	88.6	77.7
3319	88.7	77.5
3320	88.8	77.4
3321	88.9	77.3
3322	88.8	77.2
3323	88.8	77
3324	88.8	76.8
3325	89	76.8
3326	88.9	76.7
3327	88.8	76.7
3328	88.8	76.8
3329	88.8	77.1
3330	88.8	77.1
3331	88.7	77.2
3332	88.8	77.3
3333	88.8	77.3
3334	88.7	77.4
3335	88.7	77.4
3336	88.7	77.6
3337	88.7	77.6
3338	88.7	77.7
3339	88.5	77.7
3340	88.5	77.7
3341	88.4	77.6
3342	88.4	77.4
3343	88.4	77.1
3344	88.4	76.9
3345	88.4	76.8
3346	88.4	76.7
3347	88.5	76.8
3348	88.4	76.8
3349	88.6	76.9
3350	88.6	77
3351	88.6	77.1
3352	88.6	77.2
3353	88.7	77.3
3354	88.6	77.5
3355	88.7	77.5
3356	88.9	77.2
3357	88.9	77.2
3358	88.9	77.1
3359	88.9	77
3360	88.9	77
3361	89	77
3362	89	77.2
3363	88.8	77.3
3364	88.9	77.5
3365	88.9	77.6
3366	88.9	77.7
3367	88.9	77.6
3368	88.9	77.6
3369	88.8	77.6
3370	88.7	77.4
3371	88.8	77.4
3372	88.8	77.3
3373	88.9	77.3
3374	89	76.7
3375	89	76.7
3376	89	76.8
3377	88.9	77
3378	88.8	77.1
3379	88.8	77.1
3380	89	76.7
3381	89.1	76.9
3382	89.2	77
3383	89.2	77.1
3384	88.9	77.5
3385	88.4	77.8
3386	88.4	77.7
3387	88.3	77.9
3388	88.4	77.9
3389	88.4	77.9
3390	88.5	77.8
3391	88.3	77.8
3392	88.5	77.9
3393	88.4	77.7
3394	88.2	77.7
3395	88.4	77.8
3396	88.5	77.8
3397	88.6	78
3398	88.7	78.1
3399	88.8	78.1
3400	88.9	78
3401	88.9	76.9
3402	88.9	76.5
3403	89	76.6
3404	88.7	76.7
3405	88.6	76.8
3406	88.6	76.8
3407	88.6	77
3408	88.7	77.2
3409	88.6	77.3
3410	88.6	77.4
3411	88.6	77.4
3412	88.7	77.5
3413	88.6	77.4
3414	88.6	77.4
3415	88.6	77.5
3416	88.6	77.5
3417	88.6	77.5
3418	88.6	77.5
3419	88.6	77.4
3420	88.6	77.5
3421	88.7	77.3
3422	88.7	77.4
3423	88.7	77.4
3424	88.6	77.3
3425	88.7	77.3
3426	88.8	77.2
3427	88.8	77.2
3428	88.8	77.2
3429	88.7	77.3
3430	88.8	77.3
3431	88.7	77.3
3432	88.6	77.4
3433	88.6	77.5
3434	88.6	77.4
3435	88.7	77.4
3436	88.8	77.5
3437	88.8	77.4
3438	88.8	77.3
3439	88.8	77.2
3440	88.8	77.3
3441	88.8	77.1
3442	88.8	77
3443	88.8	77.1
3444	88.7	77.1
3445	88.8	77.3
3446	88.7	77.5
3447	88.6	77.5
3448	88.6	77.7
3449	88.6	77.7
3450	88.6	77.5
3451	88.7	77.5
3452	88.7	77.3
3453	88.8	77.2
3454	88.7	77.1
3455	88.8	76.9
3456	88.9	77
3457	88.9	76.9
3458	88.9	76.9
3459	88.9	77
3460	88.9	77
3461	88.8	77.1
3462	88.9	77
3463	88.9	76.9
3464	89	76.8
3465	89	76.8
3466	88.9	76.9
3467	88.8	76.9
3468	88.8	77
3469	88.9	76.8
3470	88.9	76.8
3471	88.8	76.9
3472	88.8	76.9
3473	88.8	77.1
3474	88.8	77
3475	88.8	77.1
3476	88.8	77.2
3477	88.8	77.1
3478	88.8	77.2
3479	88.7	77.2
3480	88.7	77.3
3481	88.8	77.3
3482	88.8	77.2
3483	88.7	77.3
3484	88.6	77.4
3485	88.7	77.4
3486	88.7	77.4
3487	88.7	77.5
3488	88.6	77.6
3489	88.6	77.7
3490	88.6	77.7
3491	88.7	77.7
3492	88.7	77.6
3493	88.7	77.5
3494	88.8	77.5
3495	88.8	77.5
3496	88.8	77.5
3497	88.8	77.5
3498	88.9	77.4
3499	88.9	77.4
3500	88.9	77.4
3501	88.9	77.5
3502	88.9	77.4
3503	88.9	77.4
3504	88.8	77.4
3505	88.9	77.4
3506	88.9	77.4
3507	88.9	77.4
3508	88.9	77.4
3509	88.9	77.3
3510	88.9	77.2
3511	89	77.3
3512	89.1	77.3
3513	89	77.4
3514	89.1	77.4
3515	88.8	76.8
3516	88.4	76.2
3517	88.3	75.9
3518	88.3	75.9
3519	88.3	75.9
3520	88.4	76.4
3521	88.5	76.6
3522	88.5	76.7
3523	88.6	76.9
3524	88.7	77
3525	88.7	77
3526	88.8	77.1
3527	88.8	77.2
3528	88.8	77.2
3529	88.7	77.2
3530	88.8	77.2
3531	88.7	77.3
3532	88.8	77.4
3533	88.5	77
3534	88.5	77.1
3535	88.6	77.3
3536	88.6	77.3
3537	88.5	77.4
3538	88.4	77.3
3539	88.5	77.3
3540	88.5	77.3
3541	88.6	77.4
3542	88.7	77.5
3543	88.7	77.5
3544	88.7	77.5
3545	88.7	77.6
3546	88.7	77.6
3547	88.6	77.7
3548	88.6	77.7
3549	88.6	77.7
3550	88.6	77.7
3551	88.7	77.6
3552	88.7	77.6
3553	88.7	77.6
3554	88.7	77.4
3555	88.8	77.4
3556	88.8	77.5
3557	88.9	77.7
3558	88.9	77.7
3559	88.9	77.7
3560	88.7	77.7
3561	88.7	77.7
3562	88.7	77.7
3563	88.6	77.7
3564	88.7	77.7
3565	88.6	77.7
3566	88.5	77.8
3567	88.5	77.9
3568	88.5	77.5
3569	88.4	77.5
3570	88.4	77.6
3571	88.5	77.8
3572	88.6	77.9
3573	88.6	77.8
3574	88.8	78
3575	88.9	78.1
3576	88.9	78.1
3577	89	78.2
3578	88.8	78.3
3579	88.7	78.3
3580	88.8	78.3
3581	88.7	78.2
3582	88.7	78.1
3583	88.7	78
3584	88.6	78
3585	88.5	78.1
3586	88.5	77.9
3587	88.6	77.7
3588	88.6	77.5
3589	88.6	77.4
3590	88.6	77.4
3591	88.6	77.5
3592	88.6	77.5
3593	88.7	77.5
3594	88.8	77.4
3595	88.7	77.4
3596	88.7	77.4
3597	88.8	77.3
3598	88.8	77.4
3599	88.7	77.4
3600	88.6	77.5
3601	88.7	77.5
3602	88.6	77.6
3603	88.6	77.5
3604	88.6	77.5
3605	88.6	77.5
3606	88.7	77.4
3607	88.8	77.4
3608	88.7	77.5
3609	88.7	77.2
3610	88.7	77.2
3611	88.7	77.3
3612	88.7	77.3
3613	88.6	77.2
3614	88.6	77.1
3615	88.6	77.1
3616	88.6	77.1
3617	88.6	77.2
3618	88.6	77.3
3619	88.7	77.4
3620	88.6	77.4
3621	88.8	77.5
3622	89	77.5
3623	88.9	77.7
3624	88.9	77.7
3625	88.8	77.6
3626	88.7	77.6
3627	88.8	77.6
3628	88.8	77.6
3629	88.8	77.6
3630	88.9	77.8
3631	88.9	77.9
3632	88.8	78
3633	88.7	77.9
3634	88.7	77.8
3635	88.7	77.8
3636	88.7	77.7
3637	88.7	77.7
3638	88.7	77.6
3639	88.8	77.3
3640	88.9	77.2
3641	88.9	77.1
3642	88.8	77.3
3643	88.8	77.4
3644	88.8	77.4
3645	88.7	77.4
3646	88.8	77.5
3647	88.9	77.4
3648	88.9	77.4
3649	88.9	77.5
3650	88.9	77.5
3651	88.9	77.6
3652	88.9	77.6
3653	89	77.5
3654	89	77.6
3655	89	77.7
3656	88.9	77.7
3657	88.8	77.6
3658	88.8	77.6
3659	88.9	77.5
3660	88.9	77.5
3661	88.9	77.5
3662	88.9	77.6
3663	88.9	77.7
3664	88.8	77.6
3665	88.8	77.7
3666	88.7	77.7
3667	88.8	77.7
3668	88.8	77.8
3669	88.8	77.7
3670	88.8	77.6
3671	88.9	77.5
3672	89	77.7
3673	89	77.6
3674	88.9	77.5
3675	88.9	77.5
3676	88.8	77.4
3677	88.9	77.5
3678	88.7	77.5
3679	88.6	77.5
3680	88.6	77.6
3681	88.6	77.6
3682	88.6	77.7
3683	88.7	77.7
3684	88.7	77.7
3685	88.7	77.6
3686	88.7	77.6
3687	88.8	77.7
3688	88.7	77.7
3689	88.7	77.6
3690	88.8	77.8
3691	88.8	77.7
3692	88.8	77.7
3693	88.8	77.4
3694	88.8	77.3
3695	88.9	77.2
3696	88.9	77.1
3697	88.9	77
3698	88.9	76.9
3699	89	76.9
3700	88.9	77
3701	88.9	77
3702	88.9	77
3703	89	77.1
3704	89	77.3
3705	89	77.1
3706	88.9	77.1
3707	88.9	77.1
3708	88.9	77
3709	88.9	77
3710	88.8	77
3711	88.9	77.1
3712	88.8	77
3713	89	76.8
3714	89	76.7
3715	89	76.7
3716	89	76.7
3717	88.8	76.6
3718	88.7	76.5
3719	88.6	76.6
3720	88.6	76.9
3721	88.7	77
3722	88.8	77
3723	88.8	77.1
3724	88.8	77
3725	88.9	77.1
3726	88.9	77.2
3727	88.9	77.1
3728	89	77.1
3729	89	77.1
3730	89	77.1
3731	88.9	77
3732	88.8	77.1
3733	88.8	77.1
3734	88.8	77.2
3735	88.9	77.2
3736	88.9	77.3
3737	88.8	77.3
3738	88.8	77.4
3739	88.7	77.5
3740	88.8	77.6
3741	88.6	77.6
3742	88.5	77.7
3743	88.5	77.8
3744	88.6	77.9
3745	88.4	78.2
3746	88.4	78.2
3747	88.3	78.2
3748	88.4	78.2
3749	88.3	78.3
3750	88.3	78.3
3751	88.2	78.2
3752	88	77.7
3753	87.9	77.8
3754	87.8	77.9
3755	87.8	78
3756	87.8	77.9
3757	87.8	77.9
3758	87.7	77.7
3759	87.7	77.5
3760	87.6	77.1
3761	87.7	77
3762	87.5	77
3763	87.4	76.9
3764	87.2	76.9
3765	86.9	77
3766	86.8	77.1
3767	86.8	77.2
3768	86.7	77.2
3769	86.6	77.3
3770	86.5	77.3
3771	86.4	77.2
3772	86.1	77.1
3773	86	77.1
3774	85.9	77
3775	85.8	76.9
3776	85.8	77
3777	85.8	76.9
3778	85.7	76.9
3779	85.4	77
3780	85.3	77
3781	85.3	77
3782	85.3	76.2
3783	85.2	76.3
3784	85	76.2
3785	84.7	76
3786	84.3	75.9
3787	84.2	76.1
3788	84.3	76.1
3789	84.3	76.2
3790	84.3	76.2
3791	84.2	76.2
3792	84.3	76.2
3793	84.1	76.3
3794	84.1	76.2
3795	83.9	76.1
3796	83.9	76
3797	83.7	75.9
3798	83.3	75.8
3799	83.3	75.7
3800	83.2	75.4
3801	83.3	75.5
3802	82.9	75.5
3803	82.9	75.4
3804	82.8	75.5
3805	82.7	75
3806	82.4	74.8
3807	82.1	74.9
3808	81.9	75
3809	81.8	75
3810	81.7	75
3811	81.7	75.1
3812	81.5	75.1
3813	81.1	74.3
3814	80.9	74.2
3815	80.8	74.2
3816	80.7	74.5
3817	80.5	74.6
3818	80.5	74.7
3819	80.6	74.6
3820	80.6	74.3
3821	80.6	74.2
3822	80.6	74
3823	80.6	73.9
3824	80.5	73.8
3825	80.5	73.8
3826	80.5	73.8
3827	80.4	73.4
3828	80.4	73.2
3829	80.3	73
3830	80.2	72.8
3831	80.1	72.8
3832	80	72.8
3833	79.7	72.8
3834	79.7	72.8
3835	79.5	72.8
3836	79.3	72.9
3837	79.3	72.6
3838	79.2	72.8
3839	79.2	72.8
3840	79.1	72.5
3841	79.2	72.5
3842	79.2	72.4
3843	79.1	72.4
3844	79.2	72.4
3845	79	72.3
3846	78.9	72.2
3847	78.8	72.2
3848	78.7	72.1
3849	78.6	72.2
3850	78.4	72.2
3851	78.3	72.2
3852	78.1	72.1
3853	78.1	72.2
3854	78.1	72.1
3855	78	71.9
3856	78	71.8
3857	78	71.6
3858	77.9	71.7
3859	77.7	71.7
3860	77.5	71.5
3861	77.4	71.5
3862	77.3	71.4
3863	77.1	71.3
3864	77.1	71.3
3865	76.9	71.2
3866	76.9	71.1
3867	76.8	70.8
3868	76.7	70.8
3869	76.6	70.7
3870	76.6	70.7
3871	76.4	70.6
3872	76.4	70.6
3873	76.3	70.5
3874	76.1	70.4
3875	76.1	70.4
3876	76.1	70.3
3877	75.9	70.2
3878	75.7	70.2
3879	75.6	70.3
3880	75.5	70.3
3881	75.4	70.3
3882	75.4	70.2
3883	75.4	70.2
3884	75.2	70.1
3885	75.1	70.1
3886	75.1	70.1
3887	75	70
3888	75	70
3889	75	69.9
3890	74.9	69.8
3891	74.8	69.6
3892	74.7	69.6
3893	74.5	69.6
3894	74.4	69.6
3895	74.3	69.6
3896	74.3	69.5
3897	74.3	69.3
3898	74.1	69.3
3899	74.1	69.3
3900	74	69.3
3901	73.8	69.2
3902	73.8	69.2
3903	73.7	69.2
3904	73.6	69.1
3905	73.4	68.8
3906	73.2	68.6
3907	73.3	68.5
3908	73.3	68.6
3909	73.3	68.6
3910	73.2	68.6
3911	72.9	68.6
3912	72.7	68.5
3913	72.7	68.4
3914	72.6	68.4
3915	72.5	68.2
3916	72.5	68.1
3917	72.4	68
3918	72.2	67.8
3919	72.1	67.8
3920	72.1	67.8
3921	72	67.7
3922	72	67.5
3923	71.9	67.5
3924	71.9	67.4
3925	71.8	67.3
3926	71.7	67.2
3927	71.7	67.2
3928	71.6	67
3929	71.5	66.9
3930	71.5	66.9
3931	71.3	66.9
3932	71.3	66.9
3933	71.1	66.9
3934	71	66.8
3935	71	66.7
3936	70.9	66.6
3937	70.9	66.6
3938	70.8	66.5
3939	70.7	66.6
3940	70.7	66.5
3941	70.7	66.4
3942	70.7	66.3
3943	70.6	66.4
3944	70.5	66.1
3945	70.4	66
3946	70.3	65.9
3947	70.3	65.9
3948	70.2	65.7
3949	70.2	65.8
3950	70.2	65.7
3951	70.1	65.5
3952	70	65.5
3953	69.7	65.5
3954	69.6	65.5
3955	69.5	65.6
3956	69.5	65.6
3957	69.5	65.6
3958	69.3	65.5
3959	69.4	65.4
3960	69.4	65.4
3961	69.4	65.5
3962	69.3	65.5
3963	69.3	65.4
3964	69.3	65.4
3965	69.1	65.4
3966	69	65.4
3967	68.9	65.3
3968	68.8	65.4
3969	68.9	65.2
3970	68.8	65.1
3971	68.7	65.2
3972	68.5	65.1
3973	68.5	65
3974	68.5	64.9
3975	68.5	64.9
3976	68.5	64.7
3977	68.4	64.8
3978	68.4	64.6
3979	68.2	64.5
3980	68.1	64.5
3981	68	64.4
3982	67.9	64.4
3983	67.9	64.3
3984	67.8	64.2
3985	67.8	63.9
3986	67.8	63.8
3987	67.7	63.9
3988	67.6	63.9
3989	67.5	63.9
3990	67.5	63.8
3991	67.6	63.8
3992	67.4	63.8
3993	67.3	63.8
3994	67.4	63.6
3995	67.3	63.6
3996	67.3	63.6
3997	67.2	63.5
3998	67.2	63.4
3999	67.1	63.3
4000	67	63.2
4001	67	63.1
4002	67	62.8
4003	66.8	62.7
4004	66.7	62.8
4005	66.6	62.7
4006	66.5	62.7
4007	66.5	62.7
4008	66.5	62.6
4009	66.4	62.5
4010	66.4	62.4
4011	66.2	62.5
4012	66.2	62.5
4013	66.1	62.4
4014	66	62.3
4015	66	62.2
4016	65.9	62.2
4017	65.9	62.1
4018	65.8	62.1
4019	65.8	62.1
4020	65.7	62
4021	65.7	62.1
4022	65.6	62
4023	65.6	62
4024	65.5	61.9
4025	65.5	61.8
4026	65.4	61.8
4027	65.3	61.7
4028	65.2	61.7
4029	65.2	61.6
4030	65.2	61.5
4031	65	61.3
4032	64.9	61.2
4033	64.9	61.3
4034	64.8	61.2
4035	64.8	61.2
4036	64.7	61.2
4037	64.6	61.2
4038	64.5	61
4039	64.5	60.9
4040	64.4	61
4041	64.4	60.9
4042	64.2	60.8
4043	64.2	60.6
4044	64.2	60.4
4045	64.2	60.2
4046	64	60.1
4047	64	60.2
4048	64	60.3
4049	63.9	60.3
4050	63.8	60.3
4051	63.9	60.3
4052	63.8	60.2
4053	63.8	60.3
4054	63.7	60.3
4055	63.6	60.3
4056	63.6	60.3
4057	63.6	60.1
4058	63.6	60
4059	63.5	60
4060	63.5	60.1
4061	63.2	60
4062	63.2	60
4063	63.1	59.9
4064	63.1	59.8
4065	63	59.8
4066	63	59.6
4067	63	59.6
4068	62.9	59.4
4069	63	59.4
4070	62.9	59.4
4071	62.9	59.4
4072	62.5	59.5
4073	62.5	59.5
4074	62.5	59.5
4075	62.4	59.3
4076	62.4	59.3
4077	62.4	59.1
4078	62.3	59.1
4079	62.1	58.9
4080	62.1	58.9
4081	62	58.8
4082	62	58.8
4083	62	58.7
4084	61.9	58.7
4085	61.8	58.6
4086	61.8	58.4
4087	61.7	58.4
4088	61.7	58.4
4089	61.6	58.4
4090	61.6	58.3
4091	61.5	58.2
4092	61.4	58.1
4093	61.4	58.1
4094	61.3	58
4095	61.3	58.1
4096	61.2	57.9
4097	61.1	57.8
4098	61.1	57.7
4099	60.9	57.6
